-- TODO Add reference pages --
-- TODO add nov/dec sales ==
SET statement_timeout = 0;
SET lock_timeout = 0;
SET idle_in_transaction_session_timeout = 0;
SET client_encoding = 'UTF8';
SET standard_conforming_strings = on;
SELECT pg_catalog.set_config('search_path', '', false);
SET check_function_bodies = false;
SET xmloption = content;
SET client_min_messages = warning;
SET row_security = off;

ALTER TABLE "auth"."users" DISABLE TRIGGER on_auth_user_created;
ALTER TABLE "public"."Sales" DISABLE TRIGGER after_sale_insert;

INSERT INTO "auth"."users" ("instance_id", "id", "aud", "role", "email", "encrypted_password", "email_confirmed_at", "invited_at", "confirmation_token", "confirmation_sent_at", "recovery_token", "recovery_sent_at", "email_change_token_new", "email_change", "email_change_sent_at", "last_sign_in_at", "raw_app_meta_data", "raw_user_meta_data", "is_super_admin", "created_at", "updated_at", "phone", "phone_confirmed_at", "phone_change", "phone_change_token", "phone_change_sent_at", "email_change_token_current", "email_change_confirm_status", "banned_until", "reauthentication_token", "reauthentication_sent_at", "is_sso_user", "deleted_at") VALUES
	('00000000-0000-0000-0000-000000000000', 'fb6c69a2-371f-4745-befb-0afca7ac6e0b', 'authenticated', 'authenticated', 'tennille.moloshnikov@gmail.com', '$2a$10$NR5jm6EgROyDflNNei6Ct.WPs7njWzQSWvfC0Y0E4hGy6aYD3Fl1u', '2023-10-16 02:47:58.156521+00', NULL, '', NULL, '', NULL, '', '', NULL, NULL, '{"provider": "email", "providers": ["email"]}', '{}', NULL, '2023-10-16 02:47:58.148327+00', '2023-10-16 02:47:58.15674+00', NULL, NULL, '', '', NULL, '', 0, NULL, '', NULL, false, NULL),
	('00000000-0000-0000-0000-000000000000', '1cf7cec8-74a0-4bb6-8364-b03f9a02b33a', 'authenticated', 'authenticated', 'nathanial.beining@icloud.com', '$2a$10$F491M0ikqcUH29nx9uexP.nD6TvGd8eg/LDNqyn75dj909u7/Bdpm', '2023-11-04 06:35:05.758816+00', NULL, '', NULL, 'pkce_2266ea70faa07e0ecd0f7342b776b8efd40a31a98a04f5e93a41a229', '2023-11-04 07:58:31.351397+00', 'pkce_e8e602b2f02ae585549ecaa2dbd2ad27eb51fa8500fff051a8e8314b', 'tester@test.com', '2023-11-09 12:36:14.790669+00', '2023-11-18 01:36:45.535718+00', '{"provider": "email", "providers": ["email"]}', '{"Name": "Nathanial Beining", "Role": "2", "EmployeeNumber": "DEV"}', NULL, '2023-11-04 06:35:05.755479+00', '2023-11-18 01:36:45.541816+00', NULL, NULL, '', '', NULL, 'pkce_f6a5efcccab51836d31c8eb3b19b863950433fd48df1ffe3600c671f', 0, NULL, '', NULL, false, NULL),
	('00000000-0000-0000-0000-000000000000', 'e3e032da-1f62-42c6-a4bb-456da7d4c496', 'authenticated', 'authenticated', 'rys686@mail.usask.ca', '$2a$10$4IUSq7DxVpFNQCmcF00RVOrkcGMTcBYYgQzizc.J5U7tWqh4t55Oi', '2023-10-22 20:18:46.843095+00', NULL, '', NULL, '', NULL, '', '', '2023-10-22 20:52:14.268425+00', '2023-10-23 00:41:38.489544+00', '{"provider": "email", "providers": ["email"]}', '{}', NULL, '2023-10-22 20:18:46.840194+00', '2023-10-25 20:32:04.347866+00', NULL, NULL, '', '', NULL, '', 0, NULL, '', NULL, false, NULL),
	('00000000-0000-0000-0000-000000000000', '5755cc93-51ab-43dd-9b68-8961e295b19f', 'authenticated', 'authenticated', 'test@email.com', '', NULL, '2023-11-09 10:39:19.188487+00', '110d62e1a1bc98b5259af4079a1a822c524354d6c2fc48f4aec64cec', '2023-11-09 10:39:19.188487+00', '', NULL, '', '', NULL, NULL, '{"provider": "email", "providers": ["email"]}', '{"Name": "invite", "Role": "1", "EmployeeNumber": "invite"}', NULL, '2023-11-09 10:39:19.149311+00', '2023-11-09 10:39:19.640089+00', NULL, NULL, '', '', NULL, '', 0, NULL, '', NULL, false, NULL),
	('00000000-0000-0000-0000-000000000000', 'c6410195-5231-4c2d-b5c8-37c3861337d8', 'authenticated', 'authenticated', 'cvb652@usask.ca', '$2a$10$7pfFj6hUY9IgRHJOGgBMT.lRILDInoq168kd4cEz1kr7qmwjQuKH6', NULL, NULL, 'pkce_5c04960966773437d2423081be1216218742b623b60183ba4fd78924', '2023-10-22 19:56:21.696128+00', '', NULL, '', '', NULL, NULL, '{"provider": "email", "providers": ["email"]}', '{}', NULL, '2023-10-22 19:56:21.691542+00', '2023-10-22 19:56:22.229719+00', NULL, NULL, '', '', NULL, '', 0, NULL, '', NULL, false, NULL),
	('00000000-0000-0000-0000-000000000000', '27915f74-4f66-4ab4-a209-15647a44ebbf', 'authenticated', 'authenticated', 'isela.beaumont@icloud.com', '$2a$10$O4YMd3whZ7BibsrM3RgVNO0vumdHmhF/oTfDXSlgZ1qMNcNHi4O8.', '2023-10-23 00:44:06.165726+00', NULL, '', NULL, 'pkce_bc360a6b8ecde53486daca12720ebb0862e0027b9c4d8d13ab0282df', '2023-11-08 18:30:02.920592+00', '', '', NULL, '2023-11-17 23:33:32.74066+00', '{"provider": "email", "providers": ["email"]}', '{}', NULL, '2023-10-23 00:44:06.163128+00', '2023-11-17 23:33:32.742378+00', NULL, NULL, '', '', NULL, '', 0, NULL, '', NULL, false, NULL),
	('00000000-0000-0000-0000-000000000000', 'd311a865-fffd-4a48-a159-6354ca10ee0c', 'authenticated', 'authenticated', 'tester@domain.com', '$2a$10$7G7dfdtFdmpu3/tpiPFDSuWJ4T3UvsPPfCxDB2KLQXw5oadJkdD.m', '2023-11-07 06:57:38.704634+00', NULL, '', NULL, '', '2023-11-07 07:41:49.751707+00', '', '', NULL, '2023-11-17 05:36:41.143832+00', '{"provider": "email", "providers": ["email"]}', '{"Name": "Integration", "Role": "1", "EmployeeNumber": "00001"}', NULL, '2023-11-07 06:57:38.698202+00', '2023-11-17 05:36:41.14528+00', NULL, NULL, '', '', NULL, '', 0, NULL, '', NULL, false, NULL),
	('00000000-0000-0000-0000-000000000000', '695bf799-f1aa-4d6e-992c-2c7377e23593', 'authenticated', 'authenticated', 'antione.ohlhoff@icloud.com', '$2a$10$hKX/3cANfveP1dizIvxyT.g0TvI49yAVva8kYhtjA1sxBs5N8sM1G', '2023-11-04 06:21:19.030439+00', NULL, '', NULL, '', NULL, '', '', NULL, '2023-11-04 06:23:41.99475+00', '{"provider": "email", "providers": ["email"]}', '{"Name": "Antione Ohlhoff", "Role": 6, "EmployeeNumber": "44354"}', NULL, '2023-11-04 06:21:18.708229+00', '2023-11-04 06:23:41.999594+00', NULL, NULL, '', '', NULL, '', 0, NULL, '', NULL, false, NULL),
	('00000000-0000-0000-0000-000000000000', '61166bfc-eca3-4d55-96d9-f8bb5ccd75e3', 'authenticated', 'authenticated', 'examplemlq14gdtexaflbsjoxysglzgy@email.com', '$2a$10$ZzIFKJPzdbCDv9WVrPrRVeLMA1n7vcBDwPjU2bFxOiyNqOX0PnFdO', '2023-11-09 13:55:53.083543+00', NULL, '', NULL, '', NULL, '', '', NULL, NULL, '{"provider": "email", "providers": ["email"]}', '{"Name": "_REGISTER_TEST", "Role": "5", "EmployeeNumber": "_REGISTER_TEST"}', NULL, '2023-11-09 13:55:53.079339+00', '2023-11-09 13:55:53.083746+00', NULL, NULL, '', '', NULL, '', 0, NULL, '', NULL, false, NULL),
	('00000000-0000-0000-0000-000000000000', 'd4af321e-76fa-41f9-b431-b5329aef060f', 'authenticated', 'authenticated', 'tu.truco@gmail.com', '$2a$10$qFlB/7.UQvYYEEAJOAVKbeGx.mIHin4XRUkfPCiKuJT3LY1JhyOqW', '2023-11-04 06:21:19.276736+00', NULL, '', NULL, '', NULL, '', '', NULL, '2023-11-04 08:00:21.671821+00', '{"provider": "email", "providers": ["email"]}', '{"Name": "Tu Truco", "Role": 6, "EmployeeNumber": "44360"}', NULL, '2023-11-04 06:21:19.244304+00', '2023-11-04 12:00:14.576576+00', NULL, NULL, '', '', NULL, '', 0, NULL, '', NULL, false, NULL),
	('00000000-0000-0000-0000-000000000000', '61450cb2-6466-4637-8222-9bc32d573df3', 'authenticated', 'authenticated', 'nancey.birekoven@gmail.com', '$2a$10$FkPy/aFziz5V4DfPHKnhsudB9qzuScmryUUquvr9WJ8Hk8g/dvmVu', '2023-11-04 06:21:19.247783+00', NULL, '', NULL, '', NULL, '', '', NULL, '2023-11-05 02:33:29.817225+00', '{"provider": "email", "providers": ["email"]}', '{"Name": "Nancey Birekoven", "Role": 5, "EmployeeNumber": "44346"}', NULL, '2023-11-04 06:21:19.237945+00', '2023-11-05 02:33:29.8198+00', NULL, NULL, '', '', NULL, '', 0, NULL, '', NULL, false, NULL),
	('00000000-0000-0000-0000-000000000000', '1eb698ad-dd16-469a-9f85-03edb9e5aa5c', 'authenticated', 'authenticated', 'admin@domain.com', '$2a$10$W9OuXL6D/ZdgZkxT/CPBx.kLFJv9h/YVcQX0W/CE3.iWsgp7/XSXq', '2023-11-07 10:00:05.227948+00', NULL, '', NULL, '', NULL, '', '', NULL, '2023-11-17 05:36:27.644279+00', '{"provider": "email", "providers": ["email"]}', '{"Name": "_REGISTER_TEST", "Role": "2", "EmployeeNumber": "Integration Admin"}', NULL, '2023-11-07 10:00:05.221681+00', '2023-11-17 05:36:27.647485+00', NULL, NULL, '', '', NULL, '', 0, NULL, '', NULL, false, NULL),
	('00000000-0000-0000-0000-000000000000', '49c1f0b7-b011-43f4-b6fb-d1458d7ab298', 'authenticated', 'authenticated', 'renea.valkevich@hotmail.com', '$2a$10$A3pA6iym2oj7wwCzE0bBwuc/2J8dzBy7W/5qIQR.RmQA0qzEi2TkC', '2023-11-04 06:21:19.198825+00', NULL, '', NULL, '', NULL, '', '', NULL, NULL, '{"provider": "email", "providers": ["email"]}', '{"Name": "Renea Valkevich", "Role": 4, "EmployeeNumber": "44348"}', NULL, '2023-11-04 06:21:19.134843+00', '2023-11-04 06:21:19.199088+00', NULL, NULL, '', '', NULL, '', 0, NULL, '', NULL, false, NULL),
	('00000000-0000-0000-0000-000000000000', '64acbdd7-4d8f-4530-a390-cfd110ac6644', 'authenticated', 'authenticated', 'hayley.ajiganoff@hotmail.com', '$2a$10$qV2hEL2AxNVr2VBYAXNzdOfTyn1R8G.4bf1fnOmfgKIxI0eYSJW6W', '2023-11-04 06:21:19.222182+00', NULL, '', NULL, '', NULL, '', '', NULL, '2023-11-12 19:17:03.249936+00', '{"provider": "email", "providers": ["email"]}', '{"Name": "Hayley Ajiganoff", "Role": 8, "EmployeeNumber": "44352"}', NULL, '2023-11-04 06:21:19.10837+00', '2023-11-17 22:19:36.692939+00', NULL, NULL, '', '', NULL, '', 0, NULL, '', NULL, false, NULL),
	('00000000-0000-0000-0000-000000000000', '55d08fc7-6ca7-43ea-8836-0f232fabd073', 'authenticated', 'authenticated', 'elissa.tsidilkovsky@hotmail.com', '$2a$10$G6Y2juW9zWmbGSyqvMLiGu6.G.vVxOr2P8j/sKJFAL5UGAzV.IUPq', '2023-11-04 06:21:19.218301+00', NULL, '', NULL, '', NULL, '', '', NULL, '2023-11-17 23:36:49.235795+00', '{"provider": "email", "providers": ["email"]}', '{"Name": "Elissa Tsidilkovsky", "Role": 8, "EmployeeNumber": "44355"}', NULL, '2023-11-04 06:21:19.215749+00', '2023-11-18 01:48:23.49839+00', NULL, NULL, '', '', NULL, '', 0, NULL, '', NULL, false, NULL),
	('00000000-0000-0000-0000-000000000000', '04a909da-8b60-4e55-8d35-ed14165b7dd9', 'authenticated', 'authenticated', 'aurelio.nowatzek@hotmail.com', '$2a$10$OW22FjeCzF57ZgtvkBP2DO6Ej1uu/54Wga9rFH5l2VxfiQmOiRNFW', '2023-11-04 06:21:19.200405+00', NULL, '', NULL, '', NULL, '', '', NULL, NULL, '{"provider": "email", "providers": ["email"]}', '{"Name": "Aurelio Nowatzek", "Role": 8, "EmployeeNumber": "44359"}', NULL, '2023-11-04 06:21:18.915119+00', '2023-11-04 06:21:19.200709+00', NULL, NULL, '', '', NULL, '', 0, NULL, '', NULL, false, NULL),
	('00000000-0000-0000-0000-000000000000', 'fdca7ef1-11db-421f-b3fd-0d9444c31c1a', 'authenticated', 'authenticated', 'sherman.pani@icloud.com', '$2a$10$524hNqVgWQrjvqg.QNxhsOME8qx8xi/lx3oyrzf/Cy.dVL0jj6JQO', '2023-11-04 06:21:19.236132+00', NULL, '', NULL, '', NULL, '', '', NULL, NULL, '{"provider": "email", "providers": ["email"]}', '{"Name": "Sherman Pani", "Role": 6, "EmployeeNumber": "44351"}', NULL, '2023-11-04 06:21:19.229625+00', '2023-11-04 06:21:19.236337+00', NULL, NULL, '', '', NULL, '', 0, NULL, '', NULL, false, NULL),
	('00000000-0000-0000-0000-000000000000', '454c6214-76ba-45d6-b685-414b605d12f1', 'authenticated', 'authenticated', 'genesis.weinberg@outlook.com', '$2a$10$rPX.r7KQ78ydHV8WO0ZyK.AFPXo2/igXYfMp8WGw0B6/iFRkm.SeO', '2023-11-04 06:21:19.271816+00', NULL, '', NULL, '', NULL, '', '', NULL, NULL, '{"provider": "email", "providers": ["email"]}', '{"Name": "Genesis Weinberg", "Role": 8, "EmployeeNumber": "44350"}', NULL, '2023-11-04 06:21:19.254781+00', '2023-11-04 06:21:19.279571+00', NULL, NULL, '', '', NULL, '', 0, NULL, '', NULL, false, NULL),
	('00000000-0000-0000-0000-000000000000', '32a576d0-4281-4d69-ac93-d4abd6eaa14c', 'authenticated', 'authenticated', 'clarice.igreja@hotmail.com', '$2a$10$EfdBA2oZZdClFfkBI1ITN.Hp0JpakvDG5PfFXS3uKrikwA7Oairqq', '2023-11-04 06:21:19.251414+00', NULL, '', NULL, '', NULL, '', '', NULL, NULL, '{"provider": "email", "providers": ["email"]}', '{"Name": "Clarice Igreja", "Role": 5, "EmployeeNumber": "44358"}', NULL, '2023-11-04 06:21:19.24878+00', '2023-11-04 06:21:19.251623+00', NULL, NULL, '', '', NULL, '', 0, NULL, '', NULL, false, NULL),
	('00000000-0000-0000-0000-000000000000', '4ff2a2d7-09a1-4d26-81e1-55fcf9b0f49b', 'authenticated', 'authenticated', 'mammie.matheo@outlook.com', '$2a$10$Ae2kQgBT1KV3TALIsPpiUeD1oR1U3ATQu1wpKjxya0iqLW32O7XVG', '2023-11-04 06:21:19.265216+00', NULL, '', NULL, '', NULL, '', '', NULL, NULL, '{"provider": "email", "providers": ["email"]}', '{"Name": "Mammie Matheo", "Role": 8, "EmployeeNumber": "44349"}', NULL, '2023-11-04 06:21:19.215937+00', '2023-11-04 06:21:19.265455+00', NULL, NULL, '', '', NULL, '', 0, NULL, '', NULL, false, NULL),
	('00000000-0000-0000-0000-000000000000', '478cab80-8323-4a74-bc4c-c1447576767a', 'authenticated', 'authenticated', 'sunny.mordomo@yahoo.com', '$2a$10$u6QcTBhLVO.AceK3.SJ/FusFrJrPqTOVSZrVF9RzmR9BwJmkcEt/K', '2023-11-04 06:21:19.259152+00', NULL, '', NULL, '', NULL, '', '', NULL, NULL, '{"provider": "email", "providers": ["email"]}', '{"Name": "Sunny Mordomo", "Role": 5, "EmployeeNumber": "44357"}', NULL, '2023-11-04 06:21:19.238786+00', '2023-11-04 06:21:19.259366+00', NULL, NULL, '', '', NULL, '', 0, NULL, '', NULL, false, NULL),
	('00000000-0000-0000-0000-000000000000', '95f316fb-7a7b-4af7-bffb-b1fce97d4db3', 'authenticated', 'authenticated', 'hilario.gambara@hotmail.com', '$2a$10$5OpZ8dqLDtJ.U/PGwqBkkefJ91lyc.Iz15Z.F0q5PPUcE6bk/NonW', '2023-11-04 06:21:19.266369+00', NULL, '', NULL, '', NULL, '', '', NULL, NULL, '{"provider": "email", "providers": ["email"]}', '{"Name": "Hilario Gambara", "Role": 8, "EmployeeNumber": "44353"}', NULL, '2023-11-04 06:21:19.257445+00', '2023-11-04 06:21:19.26658+00', NULL, NULL, '', '', NULL, '', 0, NULL, '', NULL, false, NULL),
	('00000000-0000-0000-0000-000000000000', 'a9192724-e4e3-4e92-99c0-6c4302739d5f', 'authenticated', 'authenticated', 'rolanda.reble@outlook.com', '$2a$10$wcAfpnkrLlZy2A/SStcF4elnKA04adQHZ.vXDbh6JZuKH/9r2fZ8G', '2023-11-04 06:21:19.261875+00', NULL, '', NULL, '', NULL, '', '', NULL, NULL, '{"provider": "email", "providers": ["email"]}', '{"Name": "Rolanda Reble", "Role": 8, "EmployeeNumber": "44356"}', NULL, '2023-11-04 06:21:19.135631+00', '2023-11-04 06:21:19.262092+00', NULL, NULL, '', '', NULL, '', 0, NULL, '', NULL, false, NULL);


--
-- Data for Name: identities; Type: TABLE DATA; Schema: auth; Owner: supabase_auth_admin
--

INSERT INTO "auth"."identities" ("id", "user_id", "identity_data", "provider", "last_sign_in_at", "created_at", "updated_at") VALUES
	('fb6c69a2-371f-4745-befb-0afca7ac6e0b', 'fb6c69a2-371f-4745-befb-0afca7ac6e0b', '{"sub": "fb6c69a2-371f-4745-befb-0afca7ac6e0b", "email": "tennille.moloshnikov@gmail.com"}', 'email', '2023-10-16 02:47:58.15287+00', '2023-10-16 02:47:58.152915+00', '2023-10-16 02:47:58.152915+00'),
	('27915f74-4f66-4ab4-a209-15647a44ebbf', '27915f74-4f66-4ab4-a209-15647a44ebbf', '{"sub": "27915f74-4f66-4ab4-a209-15647a44ebbf", "email": "isela.beaumont@icloud.com"}', 'email', '2023-10-23 00:44:06.164056+00', '2023-10-23 00:44:06.164094+00', '2023-10-23 00:44:06.164094+00'),
	('695bf799-f1aa-4d6e-992c-2c7377e23593', '695bf799-f1aa-4d6e-992c-2c7377e23593', '{"sub": "695bf799-f1aa-4d6e-992c-2c7377e23593", "email": "antione.ohlhoff@icloud.com"}', 'email', '2023-11-04 06:21:18.713048+00', '2023-11-04 06:21:18.71309+00', '2023-11-04 06:21:18.71309+00'),
	('04a909da-8b60-4e55-8d35-ed14165b7dd9', '04a909da-8b60-4e55-8d35-ed14165b7dd9', '{"sub": "04a909da-8b60-4e55-8d35-ed14165b7dd9", "email": "aurelio.nowatzek@hotmail.com"}', 'email', '2023-11-04 06:21:19.029759+00', '2023-11-04 06:21:19.029798+00', '2023-11-04 06:21:19.029798+00'),
	('49c1f0b7-b011-43f4-b6fb-d1458d7ab298', '49c1f0b7-b011-43f4-b6fb-d1458d7ab298', '{"sub": "49c1f0b7-b011-43f4-b6fb-d1458d7ab298", "email": "renea.valkevich@hotmail.com"}', 'email', '2023-11-04 06:21:19.197012+00', '2023-11-04 06:21:19.197056+00', '2023-11-04 06:21:19.197056+00'),
	('55d08fc7-6ca7-43ea-8836-0f232fabd073', '55d08fc7-6ca7-43ea-8836-0f232fabd073', '{"sub": "55d08fc7-6ca7-43ea-8836-0f232fabd073", "email": "elissa.tsidilkovsky@hotmail.com"}', 'email', '2023-11-04 06:21:19.216898+00', '2023-11-04 06:21:19.216934+00', '2023-11-04 06:21:19.216934+00'),
	('64acbdd7-4d8f-4530-a390-cfd110ac6644', '64acbdd7-4d8f-4530-a390-cfd110ac6644', '{"sub": "64acbdd7-4d8f-4530-a390-cfd110ac6644", "email": "hayley.ajiganoff@hotmail.com"}', 'email', '2023-11-04 06:21:19.219083+00', '2023-11-04 06:21:19.219122+00', '2023-11-04 06:21:19.219122+00'),
	('a9192724-e4e3-4e92-99c0-6c4302739d5f', 'a9192724-e4e3-4e92-99c0-6c4302739d5f', '{"sub": "a9192724-e4e3-4e92-99c0-6c4302739d5f", "email": "rolanda.reble@outlook.com"}', 'email', '2023-11-04 06:21:19.223046+00', '2023-11-04 06:21:19.223091+00', '2023-11-04 06:21:19.223091+00'),
	('fdca7ef1-11db-421f-b3fd-0d9444c31c1a', 'fdca7ef1-11db-421f-b3fd-0d9444c31c1a', '{"sub": "fdca7ef1-11db-421f-b3fd-0d9444c31c1a", "email": "sherman.pani@icloud.com"}', 'email', '2023-11-04 06:21:19.233889+00', '2023-11-04 06:21:19.233926+00', '2023-11-04 06:21:19.233926+00'),
	('478cab80-8323-4a74-bc4c-c1447576767a', '478cab80-8323-4a74-bc4c-c1447576767a', '{"sub": "478cab80-8323-4a74-bc4c-c1447576767a", "email": "sunny.mordomo@yahoo.com"}', 'email', '2023-11-04 06:21:19.243451+00', '2023-11-04 06:21:19.243487+00', '2023-11-04 06:21:19.243487+00'),
	('61450cb2-6466-4637-8222-9bc32d573df3', '61450cb2-6466-4637-8222-9bc32d573df3', '{"sub": "61450cb2-6466-4637-8222-9bc32d573df3", "email": "nancey.birekoven@gmail.com"}', 'email', '2023-11-04 06:21:19.245552+00', '2023-11-04 06:21:19.245598+00', '2023-11-04 06:21:19.245598+00'),
	('32a576d0-4281-4d69-ac93-d4abd6eaa14c', '32a576d0-4281-4d69-ac93-d4abd6eaa14c', '{"sub": "32a576d0-4281-4d69-ac93-d4abd6eaa14c", "email": "clarice.igreja@hotmail.com"}', 'email', '2023-11-04 06:21:19.249924+00', '2023-11-04 06:21:19.249958+00', '2023-11-04 06:21:19.249958+00'),
	('d4af321e-76fa-41f9-b431-b5329aef060f', 'd4af321e-76fa-41f9-b431-b5329aef060f', '{"sub": "d4af321e-76fa-41f9-b431-b5329aef060f", "email": "tu.truco@gmail.com"}', 'email', '2023-11-04 06:21:19.256459+00', '2023-11-04 06:21:19.256498+00', '2023-11-04 06:21:19.256498+00'),
	('454c6214-76ba-45d6-b685-414b605d12f1', '454c6214-76ba-45d6-b685-414b605d12f1', '{"sub": "454c6214-76ba-45d6-b685-414b605d12f1", "email": "genesis.weinberg@outlook.com"}', 'email', '2023-11-04 06:21:19.256438+00', '2023-11-04 06:21:19.256487+00', '2023-11-04 06:21:19.256487+00'),
	('95f316fb-7a7b-4af7-bffb-b1fce97d4db3', '95f316fb-7a7b-4af7-bffb-b1fce97d4db3', '{"sub": "95f316fb-7a7b-4af7-bffb-b1fce97d4db3", "email": "hilario.gambara@hotmail.com"}', 'email', '2023-11-04 06:21:19.262683+00', '2023-11-04 06:21:19.262722+00', '2023-11-04 06:21:19.262722+00'),
	('4ff2a2d7-09a1-4d26-81e1-55fcf9b0f49b', '4ff2a2d7-09a1-4d26-81e1-55fcf9b0f49b', '{"sub": "4ff2a2d7-09a1-4d26-81e1-55fcf9b0f49b", "email": "mammie.matheo@outlook.com"}', 'email', '2023-11-04 06:21:19.262723+00', '2023-11-04 06:21:19.262758+00', '2023-11-04 06:21:19.262758+00'),
	('d311a865-fffd-4a48-a159-6354ca10ee0c', 'd311a865-fffd-4a48-a159-6354ca10ee0c', '{"sub": "d311a865-fffd-4a48-a159-6354ca10ee0c", "email": "tester@domain.com"}', 'email', '2023-11-07 06:57:38.700184+00', '2023-11-07 06:57:38.70023+00', '2023-11-07 06:57:38.70023+00'),
	('1eb698ad-dd16-469a-9f85-03edb9e5aa5c', '1eb698ad-dd16-469a-9f85-03edb9e5aa5c', '{"sub": "1eb698ad-dd16-469a-9f85-03edb9e5aa5c", "email": "admin@domain.com"}', 'email', '2023-11-07 10:00:05.224706+00', '2023-11-07 10:00:05.224752+00', '2023-11-07 10:00:05.224752+00');

--
-- Data for Name: Customers; Type: TABLE DATA; Schema: public; Owner: postgres
--

INSERT INTO "public"."Customers" ("id", "Name", "City") VALUES
	(1, 'Rolland Woog', 'La Ronge'),
	(2, 'Charline Behar', 'Humboldt'),
	(3, 'Willard Schwark', 'Lloydminster'),
	(4, 'Myesha Agamirzyan', 'Lloydminster'),
	(5, 'Brianne Beltri', 'Flin Flon'),
	(6, 'Kacey Noda', 'Melfort'),
	(7, 'Wayne Ustyujanin', 'Weyburn'),
	(8, 'Delphine Balladares', 'Yorkton'),
	(9, 'Ileen Lysagora', 'Weyburn'),
	(10, 'Isidro Labeche', 'Melville'),
	(11, 'Leopoldo Duke', 'Saskatoon'),
	(12, 'Alison Sudarsan', 'Saskatoon'),
	(13, 'Selena Adno', 'Swift Current'),
	(14, 'Stanford Umile', 'North Battleford'),
	(15, 'Chasity Pajaro', 'Yorkton'),
	(16, 'Fay Wege', 'Saskatoon'),
	(17, 'Guadalupe Marvoo', 'Prince Albert'),
	(18, 'Christal Ballon', 'Yorkton'),
	(19, 'Ernesto Dobarganes', 'Saskatoon'),
	(20, 'Teofila Gaugg', 'Weyburn'),
	(21, 'Fredda Hellier', 'Kindersley'),
	(22, 'Donna Vikuliev', 'Lloydminster'),
	(23, 'Edmund Fortov', 'North Battleford'),
	(24, 'Daisy Vriesenga', 'Swift Current'),
	(25, 'Cristen Granberg', 'Lloydminster'),
	(26, 'Mirna Arazola', 'Melfort'),
	(27, 'Fernanda Herbas', 'Estevan'),
	(28, 'Margarita Arosa', 'Prince Albert'),
	(29, 'Flora Awsyuk', 'Martensville'),
	(30, 'Shad Ramirez De Piscina', 'Lloydminster'),
	(31, 'Emmy Richter', 'Yorkton'),
	(32, 'Caleb Koubaa', 'Melville'),
	(33, 'Lindsy Paikin', 'Melfort'),
	(34, 'Brianna Dalda', 'Humboldt'),
	(35, 'Reyna Hayyim', 'Weyburn'),
	(36, 'Nydia Sands', 'Swift Current'),
	(37, 'Jody Miniahhmetov', 'Estevan'),
	(38, 'Cyrus Mannsky', 'Prince Albert'),
	(39, 'Mara Stites', 'Warman'),
	(40, 'Tori Posse', 'Yorkton'),
	(41, 'Roy Weismantel', 'La Ronge'),
	(42, 'Wanetta Colado', 'La Ronge'),
	(43, 'Kermit Churyukin', 'North Battleford'),
	(44, 'Darrick Latierro', 'North Battleford'),
	(45, 'Mary Gausepohl', 'Humboldt'),
	(46, 'Kyra Burghard', 'Regina'),
	(47, 'Rochelle Trampotova', 'Flin Flon'),
	(48, 'Tilda Yern', 'Moose Jaw'),
	(49, 'Duncan Housni', 'Kindersley'),
	(50, 'Bethanie Ercilla', 'Kindersley'),
	(51, 'Claudie Fanals', 'Melfort'),
	(52, 'Kayla Baturone', 'Swift Current'),
	(53, 'Halina Bokenhans', 'Swift Current'),
	(54, 'Hester Maranges', 'Warman'),
	(55, 'Jacqueline Calet', 'Kindersley'),
	(56, 'Angelic Morata', 'North Battleford'),
	(57, 'Yulanda Gorcharenko', 'Meadow Lake'),
	(58, 'Chantal Tapscott', 'Melville'),
	(59, 'Zena Dworatschek', 'Flin Flon'),
	(60, 'Asuncion Egia', 'Melville'),
	(61, 'Jon Babou', 'Swift Current'),
	(62, 'Angelica Rabaneda', 'Humboldt'),
	(63, 'Lilla Bleskan', 'Warman'),
	(64, 'Kasey Bergasa', 'La Ronge'),
	(65, 'Kesha Bohnhoff', 'Saskatoon'),
	(66, 'Rebbeca Charneck', 'Regina'),
	(67, 'Loni Durand', 'Flin Flon'),
	(68, 'Cleta Chlebowsk', 'Swift Current'),
	(69, 'Omega Muzylev', 'Meadow Lake'),
	(70, 'Shelley Leprince', 'Estevan'),
	(71, 'Sharell Occorsio', 'Melfort'),
	(72, 'Rutha Gaona', 'Yorkton'),
	(73, 'Shila Holtermann', 'Melville'),
	(74, 'Kandy Braz', 'Swift Current'),
	(75, 'Wilson Steward', 'Lloydminster'),
	(76, 'Isidro Jeffery', 'Weyburn'),
	(77, 'Stormy Viraf', 'Melfort'),
	(78, 'Pa Corga', 'Weyburn'),
	(79, 'Keiko Kerfers', 'Melfort'),
	(80, 'Daina Volkamer', 'La Ronge'),
	(81, 'Angila Quinnez', 'Estevan'),
	(82, 'Deon Noonan', 'La Ronge'),
	(83, 'Bev Rooss', 'Lloydminster'),
	(84, 'Kristopher Rossas', 'Swift Current'),
	(85, 'Rachelle Halenkov', 'Swift Current'),
	(86, 'Madelaine Eizenhofer', 'Prince Albert'),
	(87, 'Gustavo Dolstra', 'North Battleford'),
	(88, 'Irmgard Chahid', 'Warman'),
	(89, 'Laquanda Stratmeyer', 'Melfort'),
	(90, 'Ed Priwall', 'Yorkton'),
	(91, 'Ken Pelach', 'Meadow Lake'),
	(92, 'Cecily Mo単ino', 'Yorkton'),
	(93, 'Lucienne Knackstedt', 'Humboldt'),
	(94, 'Avril El Massoudi', 'Flin Flon'),
	(95, 'Samira Martoyas', 'Moose Jaw'),
	(96, 'Chet Zaplana', 'Kindersley'),
	(97, 'Kraig Fuchsl', 'Melville'),
	(98, 'Damian Kirchbaum', 'La Ronge'),
	(99, 'Dwight Siddhi', 'La Ronge'),
	(100, 'Gudrun Figols', 'Melfort'),
	(101, 'Venus Tchalyh', 'Kindersley'),
	(102, 'Shavon Vingranovsky', 'Martensville'),
	(103, 'Lynda Kuil', 'Weyburn'),
	(104, 'Yessenia Payr', 'Swift Current'),
	(105, 'Dolores Gansert', 'North Battleford'),
	(106, 'Delinda Villalonga', 'Lloydminster'),
	(107, 'Eddie Pua', 'North Battleford'),
	(108, 'Damaris Mimouni', 'Melfort'),
	(109, 'Jewell Rovati', 'Moose Jaw'),
	(110, 'Clotilde Bodes', 'Kindersley'),
	(111, 'Shandi Ribot', 'North Battleford'),
	(112, 'Evie Ercilla', 'Melfort'),
	(113, 'Joycelyn Cudeiro', 'Yorkton'),
	(114, 'Monika Carenas', 'Yorkton'),
	(115, 'Raymonde Epila', 'Melville'),
	(116, 'Vella Mures', 'North Battleford'),
	(117, 'Gregorio Calderon', 'Estevan'),
	(118, 'Genesis Batchyanskas', 'Martensville'),
	(119, 'Mariko Salter', 'Lloydminster'),
	(120, 'Honey Bachaev', 'Warman'),
	(121, 'Particia El Ghali', 'Kindersley'),
	(122, 'Valentin Rothvoss', 'Regina'),
	(123, 'Bryan Olefs', 'Melville'),
	(124, 'Marybelle Schauffele', 'Martensville'),
	(125, 'Bret Siman', 'Estevan'),
	(126, 'Yuko Perrett', 'Martensville'),
	(127, 'Jerlene Poshutilin', 'Humboldt'),
	(128, 'Caterina Edhofer', 'Lloydminster'),
	(129, 'Sherwood Csaba', 'Melville'),
	(130, 'Nannette Gatnau', 'Estevan'),
	(131, 'Sherise Verastegui', 'Lloydminster'),
	(132, 'Tomas De Piedra', 'Estevan'),
	(133, 'Linda Noirault', 'Yorkton'),
	(134, 'Lianne Herbek', 'Prince Albert'),
	(135, 'Annika Gerrtzen', 'Martensville'),
	(136, 'Rocco Eggardt', 'Humboldt'),
	(137, 'Sol Eimanns', 'Lloydminster'),
	(138, 'Burma Haydt', 'Humboldt'),
	(139, 'Carline Koneke', 'Warman'),
	(140, 'Alayna Agibaloff', 'Moose Jaw'),
	(141, 'Tomiko Elleray', 'Humboldt'),
	(142, 'Tenesha Spector', 'Yorkton'),
	(143, 'Tomeka Wohlmuth', 'Swift Current'),
	(144, 'Anisha Zalba', 'Kindersley'),
	(145, 'Hanh Haizmann', 'Melville'),
	(146, 'Shila Soneyreflex@Aol.Com', 'La Ronge'),
	(147, 'Bobby Rudorf', 'Martensville'),
	(148, 'Kittie Thomel', 'Moose Jaw'),
	(149, 'Dani Pisa', 'Yorkton'),
	(150, 'Tawanda Menkin', 'Weyburn'),
	(151, 'Judi Longarela', 'Estevan'),
	(152, 'Talisha Klozbucher', 'Lloydminster'),
	(153, 'Deja Thomfohrde', 'Warman'),
	(154, 'Digna Mella', 'Flin Flon'),
	(155, 'Dennise Hollin', 'Warman'),
	(156, 'Kristie Almuhametov', 'Swift Current'),
	(157, 'Bernardina Lanzon', 'North Battleford'),
	(158, 'Levi Daura', 'Prince Albert'),
	(159, 'Niesha Dobrotin', 'Moose Jaw'),
	(160, 'Sherice Larrazabal', 'Yorkton'),
	(161, 'Xavier Aldeano', 'Saskatoon'),
	(162, 'Kam Fatiha', 'Humboldt'),
	(163, 'Miguel Jurken', 'Saskatoon'),
	(164, 'Lauri Collet', 'Humboldt'),
	(165, 'Melda Niedernhofer', 'Estevan'),
	(166, 'Yuonne Nabazo', 'Moose Jaw'),
	(167, 'Joey Grootaarts', 'Swift Current'),
	(168, 'Lajuana Horman', 'Kindersley'),
	(169, 'Elwood Peria単ez', 'Regina'),
	(170, 'Dalene Kielholtz', 'Estevan'),
	(171, 'Johnnie Mukti', 'Martensville'),
	(172, 'Lilliam Luers', 'Prince Albert'),
	(173, 'Edwardo Ludowig', 'Estevan'),
	(174, 'Ryann Almenara', 'Meadow Lake'),
	(175, 'Ron Parry', 'La Ronge'),
	(176, 'Clarine Gutke', 'Saskatoon'),
	(177, 'Stacie Garriga', 'Prince Albert'),
	(178, 'Tegan Cara単ana', 'Flin Flon'),
	(179, 'Hilario Zimper', 'Martensville'),
	(180, 'Lezlie Menes', 'Warman'),
	(181, 'Jude Lecat', 'Swift Current'),
	(182, 'Nevada Cochard', 'Estevan'),
	(183, 'Jone Vitov', 'Martensville'),
	(184, 'Alphonso Anderstiegen', 'Martensville'),
	(185, 'Benton Calvi', 'Warman'),
	(186, 'Shera Uribarri', 'Kindersley'),
	(187, 'Shameka Hutschenreuther', 'Humboldt'),
	(188, 'Broderick Granadeiro', 'Lloydminster'),
	(189, 'Tonja Gershman', 'Weyburn'),
	(190, 'Zada Teppert', 'Saskatoon'),
	(191, 'Fermina Wiedemann', 'Melville'),
	(192, 'Grace Grigore', 'Lloydminster'),
	(193, 'Mazie Ibbotson', 'Moose Jaw'),
	(194, 'Lindsey Ossendoth', 'Meadow Lake'),
	(195, 'Aleisha Cavalcante', 'Regina'),
	(196, 'Maryjane Ledesma', 'Estevan'),
	(197, 'Ronni Carias', 'Kindersley'),
	(198, 'Asha Kertesz', 'Melfort'),
	(199, 'Matthew Glicksman', 'Saskatoon'),
	(200, 'Miki Calveley', 'Prince Albert'),
	(201, 'Tequila Ritzman', 'Melville'),
	(202, 'Pat Corchana', 'Flin Flon'),
	(203, 'Robby Kauphsman', 'Melville'),
	(204, 'Lola Oyar', 'La Ronge'),
	(205, 'Alexandra Kastingscheiper', 'Yorkton'),
	(206, 'Trudie Samartino', 'Melville'),
	(207, 'Shanelle Bolsa', 'Flin Flon'),
	(208, 'Stephaine Admakin', 'Melville'),
	(209, 'Velda Bursinos', 'Weyburn'),
	(210, 'Trudy Kirchholtes', 'Meadow Lake'),
	(211, 'Tami Swift', 'Saskatoon'),
	(212, 'Clarine Mui', 'North Battleford'),
	(213, 'Roselyn Amner', 'Swift Current'),
	(214, 'Anabel Duttenhofner', 'Warman'),
	(215, 'Melba Gastaminza', 'Estevan'),
	(216, 'Idella Lainez', 'Moose Jaw'),
	(217, 'Laquanda Anduaga', 'Saskatoon'),
	(218, 'Romana Navaridas', 'Meadow Lake'),
	(219, 'Jessia Perdices', 'Kindersley'),
	(220, 'Onie Herrlein', 'Yorkton'),
	(221, 'Roman Hoste', 'Flin Flon'),
	(222, 'Emanuel Ohringer', 'Melville'),
	(223, 'Melanie Potseiko', 'Saskatoon'),
	(224, 'Josef Chabas', 'Moose Jaw'),
	(225, 'Maryellen Leml', 'Melville'),
	(226, 'Joette Maya', 'Melfort'),
	(227, 'Carla Orois', 'Flin Flon'),
	(228, 'Marisha Spence', 'Melville'),
	(229, 'Sana Grotheguth', 'Regina'),
	(230, 'Francisca Neri', 'Estevan'),
	(231, 'Celina Elvar', 'Swift Current'),
	(232, 'Robbi Lapitzegi', 'Saskatoon'),
	(233, 'Leann Sanabria', 'Regina'),
	(234, 'Aileen Fernandez Peinado', 'Lloydminster'),
	(235, 'Darla Palhoto', 'La Ronge'),
	(236, 'Oliva Weiss', 'Saskatoon'),
	(237, 'Darline Burgmanns', 'North Battleford'),
	(238, 'Vilma Roberto', 'Kindersley'),
	(239, 'Herb Godein', 'Melville'),
	(240, 'Chung Amaro', 'Flin Flon'),
	(241, 'Daniele Borgia', 'Estevan'),
	(242, 'Eugenie Zhirkevich', 'Flin Flon'),
	(243, 'Vera Navazo', 'Lloydminster'),
	(244, 'Stormy De Antonio', 'Regina'),
	(245, 'Hermine Escarcena', 'Estevan'),
	(246, 'Aiko Duvall', 'Melfort'),
	(247, 'Maximo Grefenkamp', 'Kindersley'),
	(248, 'Veronique Iturrospe', 'Meadow Lake'),
	(249, 'Myesha Noemia', 'Flin Flon'),
	(250, 'Beth Xxyy', 'Saskatoon'),
	(251, 'Tama Pigeon', 'Regina'),
	(252, 'Rosina Rothlein', 'Melville'),
	(253, 'Vincenza Franquiz', 'Warman'),
	(254, 'Chana Tudoran', 'Yorkton'),
	(255, 'Verdell Heinrich', 'Melfort'),
	(256, 'Trula Jakhno', 'Prince Albert'),
	(257, 'Roselyn Viskovatov', 'Humboldt'),
	(258, 'Sharie Koa', 'Yorkton'),
	(259, 'Rupert Heynk', 'Moose Jaw'),
	(260, 'Olympia Henkl', 'Prince Albert'),
	(261, 'Blondell Tringali', 'Warman'),
	(262, 'Vernia Nesensohn', 'Weyburn'),
	(263, 'Erlene Whitworth', 'Regina'),
	(264, 'Janeen Gerd', 'Humboldt'),
	(265, 'Jeffrey Itxas-Bazter', 'Martensville'),
	(266, 'Carolina Fernandez De Mera', 'Yorkton'),
	(267, 'Layne Cabrejas', 'Melville'),
	(268, 'Floyd Eikmann', 'Estevan'),
	(269, 'Nilsa Balcarlos', 'North Battleford'),
	(270, 'Candice Saban', 'Regina'),
	(271, 'Myrtie Sampaio', 'Lloydminster'),
	(272, 'Clarice Kunk', 'Humboldt'),
	(273, 'Sheri Warneken', 'Saskatoon'),
	(274, 'Kyong Chapeleiro', 'Yorkton'),
	(275, 'Sonny Loarte', 'North Battleford'),
	(276, 'Launa Kreinhofner', 'Lloydminster'),
	(277, 'Maya Veigt', 'Yorkton'),
	(278, 'Karole Balabai', 'Estevan'),
	(279, 'Irmgard Fagundes', 'Flin Flon'),
	(280, 'Susann Mihalca', 'Meadow Lake'),
	(281, 'Loni Cordoves', 'Prince Albert'),
	(282, 'Fran Keable', 'Warman'),
	(283, 'Lou Sitjar', 'Swift Current'),
	(284, 'Milda Parrott', 'Regina'),
	(285, 'Zina Cabello De Alba', 'Meadow Lake'),
	(286, 'Israel Kuenzel', 'Regina'),
	(287, 'Bianca Cocks', 'Kindersley'),
	(288, 'Maye Yallop', 'Melfort'),
	(289, 'Felipa Manteuffel', 'Prince Albert'),
	(290, 'Cheryll Serem', 'Melfort'),
	(291, 'Duane Garcia Izquierdo', 'Warman'),
	(292, 'Val Chindris', 'Meadow Lake'),
	(293, 'Keesha Arsky', 'Humboldt'),
	(294, 'Florentina Hayder', 'Moose Jaw'),
	(295, 'Jere Rosenthaler', 'Weyburn'),
	(296, 'Sonia Lysov', 'Swift Current'),
	(297, 'Alba Orizamo', 'Prince Albert'),
	(298, 'Maisha Lopez De Vergara', 'La Ronge'),
	(299, 'Randy Zitnik', 'Humboldt'),
	(300, 'Lucas Elfman', 'La Ronge'),
	(301, 'Clarita Unpo', 'Humboldt'),
	(302, 'Dreama Praveenkumar', 'Melfort'),
	(303, 'Nestor Whittington', 'Yorkton'),
	(304, 'Inga Christie', 'Weyburn'),
	(305, 'Camilla Valnev', 'Kindersley'),
	(306, 'Tandra Sandvos', 'Melfort'),
	(307, 'Erasmo Martin Mora', 'Melfort'),
	(308, 'Tiffaney Amate', 'La Ronge'),
	(309, 'Joycelyn Irurain', 'Melfort'),
	(310, 'Jasmine Alcayde', 'La Ronge'),
	(311, 'Florentina Godfrey', 'Flin Flon'),
	(312, 'Esteban Boyero', 'Yorkton'),
	(313, 'Nanci Tulaev', 'Weyburn'),
	(314, 'Magen Dannehl', 'Flin Flon'),
	(315, 'Miranda Turukhin', 'Kindersley'),
	(316, 'Andree Talyantsev', 'Regina'),
	(317, 'Harlan Gronenwald', 'Prince Albert'),
	(318, 'Freida Tibaldi', 'Humboldt'),
	(319, 'Bennie Clavaguera', 'Prince Albert'),
	(320, 'Jamey Petrucci', 'Humboldt'),
	(321, 'Nancy Tenias', 'Melfort'),
	(322, 'Ethelyn Vaidanovitch', 'Yorkton'),
	(323, 'Isabel Molle', 'Humboldt'),
	(324, 'Leona Puyalto', 'La Ronge'),
	(325, 'Easter Lutkeholter', 'Melfort'),
	(326, 'Tammi Glaister', 'Melville'),
	(327, 'Chloe Etchebarne', 'Flin Flon'),
	(328, 'Scarlett Bockholt', 'Martensville'),
	(329, 'Milly Makarova', 'Swift Current'),
	(330, 'Moses Burgas', 'Moose Jaw'),
	(331, 'Alba Kerfers', 'Warman'),
	(332, 'Camie Offermans', 'Flin Flon'),
	(333, 'Brittni Chadric', 'Lloydminster'),
	(334, 'Delmy Lechado', 'Warman'),
	(335, 'Luise Linzoain', 'Swift Current'),
	(336, 'Luetta Uggetti', 'Martensville'),
	(337, 'Kam Dogadkin', 'Lloydminster'),
	(338, 'Desiree Dornacu', 'Weyburn'),
	(339, 'Margaret Zuzuarregui', 'Melfort'),
	(340, 'Sharyl Westermeyr', 'Kindersley'),
	(341, 'Leann Fernandez Velilla', 'North Battleford'),
	(342, 'Britteny Jemukhov', 'Lloydminster'),
	(343, 'Shawanda Truchot', 'Saskatoon'),
	(344, 'Hiram Chapal', 'Saskatoon'),
	(345, 'Evelynn Jukovich', 'Prince Albert'),
	(346, 'Leigh Bakatin', 'Swift Current'),
	(347, 'Doloris Kaluzr', 'Estevan'),
	(348, 'Georgetta Kauhsen', 'Flin Flon'),
	(349, 'Eliz Maside', 'Kindersley'),
	(350, 'Amada Bartolomeu', 'Melville'),
	(351, 'Nery Kapoor', 'Kindersley'),
	(352, 'Reatha Baraldi', 'Flin Flon'),
	(353, 'Malorie Zhiharevitch', 'North Battleford'),
	(354, 'Tanner Bacelar', 'Melfort'),
	(355, 'Ida Mikolajcha', 'Warman'),
	(356, 'Kati Sender', 'Weyburn'),
	(357, 'Caridad Kohlhausen', 'Flin Flon'),
	(358, 'Camilla Majuelos', 'Warman'),
	(359, 'Carmina Buxo', 'Flin Flon'),
	(360, 'Kiesha Martins', 'Flin Flon'),
	(361, 'Anastasia Guillemot', 'Martensville'),
	(362, 'Dorothy Blison', 'Yorkton'),
	(363, 'Lauren Verners', 'Weyburn'),
	(364, 'Demetria Mediero', 'Weyburn'),
	(365, 'Georgann Montalva', 'Saskatoon'),
	(366, 'Zora Koerstgens', 'Swift Current'),
	(367, 'Katherina Zabe', 'North Battleford'),
	(368, 'Inocencia Prolss', 'Meadow Lake'),
	(369, 'Darleen Gurate', 'Saskatoon'),
	(370, 'Gaynelle Danila', 'Kindersley'),
	(371, 'Sharilyn Kasparz', 'Moose Jaw'),
	(372, 'Erline Ziehut', 'Flin Flon'),
	(373, 'Chanda Munzon', 'Meadow Lake'),
	(374, 'Waneta Avdiev', 'Martensville'),
	(375, 'Ester Ameneiros', 'Meadow Lake'),
	(376, 'Fallon Wurmseer', 'Martensville'),
	(377, 'Clinton Thaldorf', 'Humboldt'),
	(378, 'Claudie Thale', 'Meadow Lake'),
	(379, 'Tanja Zhulebin', 'Warman'),
	(380, 'Yolande Drummond', 'Warman'),
	(381, 'Rosendo Vazquez De Prada', 'Saskatoon'),
	(382, 'Dave Warth', 'Melville'),
	(383, 'Alysia Atienzar', 'Regina'),
	(384, 'Queen Fechete', 'Prince Albert'),
	(385, 'Curt Lazea', 'Regina'),
	(386, 'Shawanna Doughty', 'Saskatoon'),
	(387, 'Raelene Ansen', 'Melfort'),
	(388, 'Avery Winking', 'Weyburn'),
	(389, 'Francina Willmsen', 'Regina'),
	(390, 'Vicenta Ersen', 'Swift Current'),
	(391, 'Taisha Kirchhain', 'La Ronge'),
	(392, 'Alexia Fuchshofen', 'Humboldt'),
	(393, 'Genevieve Klattenhoff', 'North Battleford'),
	(394, 'Jamila Menteguia', 'Prince Albert'),
	(395, 'Jerome Paradzhanov', 'Kindersley'),
	(396, 'Yevette Oliveirinha', 'Prince Albert'),
	(397, 'Deedra Dratwa', 'Melville'),
	(398, 'John Estibalis', 'Estevan'),
	(399, 'Cedrick Norris', 'Kindersley'),
	(400, 'Katina Rilka', 'Estevan'),
	(401, 'Ed Mokerl', 'Regina'),
	(402, 'Myrtice Hoffgen', 'Estevan'),
	(403, 'Charley Quaggiato', 'Regina'),
	(404, 'Debora Dinho', 'Meadow Lake'),
	(405, 'Lachelle Worms', 'La Ronge'),
	(406, 'Tawna Turke', 'Moose Jaw'),
	(407, 'Graham Dumond', 'Weyburn'),
	(408, 'Louann Lorga', 'Yorkton'),
	(409, 'Romona Malzaga', 'Martensville'),
	(410, 'Bunny Zhikharevitch', 'Warman'),
	(411, 'Carley Abaurre', 'Humboldt'),
	(412, 'Arletta Nureev', 'Weyburn'),
	(413, 'Jerrold Schmekenbecher', 'Saskatoon'),
	(414, 'Errol Kulonk', 'Melfort'),
	(415, 'Jewel Pruin', 'Lloydminster'),
	(416, 'Jamey Ortigoo', 'Martensville'),
	(417, 'Audie Packard', 'Martensville'),
	(418, 'Chau Vishwa', 'Prince Albert'),
	(419, 'Charlesetta Olympio', 'North Battleford'),
	(420, 'Ester Javarone', 'Moose Jaw'),
	(421, 'Vallie Zhurihin', 'Meadow Lake'),
	(422, 'Dakota Gorawala', 'Saskatoon'),
	(423, 'Denver Arrey', 'Yorkton'),
	(424, 'Herman Babosov', 'Martensville'),
	(425, 'Rachell Jabrane', 'Estevan'),
	(426, 'Felicia Joseba', 'Regina'),
	(427, 'Kia Gumbeiner', 'Swift Current'),
	(428, 'Cecily Templado', 'Kindersley'),
	(429, 'Delila Westendorf', 'North Battleford'),
	(430, 'Jill Dejbus', 'Saskatoon'),
	(431, 'Glynda Zingarelli', 'North Battleford'),
	(432, 'Logan Utermole', 'Swift Current'),
	(433, 'Marcos Ceballo', 'La Ronge'),
	(434, 'Harrison Gudiel', 'Kindersley'),
	(435, 'Eugene Pedregosa', 'Saskatoon'),
	(436, 'Carina Teppe', 'Moose Jaw'),
	(437, 'Jamee Tratante', 'North Battleford'),
	(438, 'Jestine Ottey', 'Warman'),
	(439, 'Shana Salewsky', 'Saskatoon'),
	(440, 'Ferdinand Bacallado', 'Flin Flon'),
	(441, 'Angila Tonniss', 'Martensville'),
	(442, 'Sophie Sabe', 'Humboldt'),
	(443, 'Evelyn Talavero', 'Regina'),
	(444, 'Na Niederhofer', 'La Ronge'),
	(445, 'Maggie Rifkind', 'Saskatoon'),
	(446, 'Raye Ziehmann', 'Regina'),
	(447, 'Shelton Montecelo', 'Regina'),
	(448, 'Bernard Jitnik', 'Melfort'),
	(449, 'Tess Strohmeyer', 'La Ronge'),
	(450, 'Reanna Demir', 'Melfort'),
	(451, 'Ai Pe単as', 'Prince Albert'),
	(452, 'Mendy Delcourt', 'North Battleford'),
	(453, 'Tifany Hitomy', 'Lloydminster'),
	(454, 'Paz Schaadt', 'La Ronge'),
	(455, 'Tamica Richte', 'Meadow Lake'),
	(456, 'Stephnie Quealheiro', 'Meadow Lake'),
	(457, 'Yu Cissokho', 'Meadow Lake'),
	(458, 'Kia Jagodzinsk', 'Lloydminster'),
	(459, 'Regine Chorda', 'Lloydminster'),
	(460, 'Remedios Donato', 'Warman'),
	(461, 'Ivonne Guadarrama', 'Prince Albert'),
	(462, 'Johnsie Tores', 'Yorkton'),
	(463, 'Malia Muruzaga', 'Lloydminster'),
	(464, 'Nanette Rolaff', 'La Ronge'),
	(465, 'Arlie Vernis', 'Lloydminster'),
	(466, 'Marie Meeke', 'Prince Albert'),
	(467, 'Lynna Guessan', 'Kindersley'),
	(468, 'Nathan Feldhaus', 'North Battleford'),
	(469, 'Grant Tuporshin', 'La Ronge'),
	(470, 'Andree Havin', 'Melfort'),
	(471, 'Doris Lutz', 'Swift Current'),
	(472, 'Adelina Belich', 'Estevan'),
	(473, 'Meghann Gatius', 'Warman'),
	(474, 'Tijuana Monturiol', 'La Ronge'),
	(475, 'Elvie Meyers', 'Swift Current'),
	(476, 'Breana Wiebking', 'Kindersley'),
	(477, 'Natashia Reveriego', 'Flin Flon'),
	(478, 'Georgiana Hiriburu', 'Regina'),
	(479, 'Tatiana Pohilevich', 'Humboldt'),
	(480, 'Theo Bientzle', 'Yorkton'),
	(481, 'Lyle Gemperlein', 'Yorkton'),
	(482, 'Vanna Senosiayn', 'Humboldt'),
	(483, 'Jacinta Hochbaum', 'Swift Current'),
	(484, 'Ola Kayser', 'Moose Jaw'),
	(485, 'Chang Sales', 'Martensville');


--
-- Data for Name: Roles; Type: TABLE DATA; Schema: public; Owner: postgres
--

INSERT INTO "public"."Roles" ("id", "RoleName", "ReadPermission", "WritePermission", "ModifySelfPermission", "ModifyAllPermission", "EmployeePermission", "DatabasePermission") VALUES
	(1, 'Default', false, false, false, false, false, false),
	(2, 'Administrator', true, true, true, true, true, true),
	(3, 'Sales Manager', true, true, true, true, true, false),
	(4, 'Financer', true, false, false, false, false, false),
	(5, 'Human Resources', true, false, false, false, true, false),
	(6, 'Sales Intern', true, true, true, false, false, false),
	(7, 'Senior Sales Associate', true, true, true, true, false, false),
	(8, 'Sales Associate', true, true, true, false, false, false);


--
-- Data for Name: Employees; Type: TABLE DATA; Schema: public; Owner: postgres
--

INSERT INTO "public"."Employees" ("id", "Name", "EmployeeNumber", "Role", "Email", "Avatar") VALUES
	-- These two are included so tests pass.
	('d311a865-fffd-4a48-a159-6354ca10ee0c', 'Integration', 'User', 1, 'tester@domain.com', '01.png'),
	('1eb698ad-dd16-469a-9f85-03edb9e5aa5c', 'Integration', 'Admin', 2, 'admin@domain.com', '03.png'),

	-- The rest are employees that either made sales or have another role at the company
	('27915f74-4f66-4ab4-a209-15647a44ebbf', 'Isela Beaumont', '55555', 8, 'isela.beaumont@icloud.com', '01.png'),
	('64acbdd7-4d8f-4530-a390-cfd110ac6644', 'Hayley Ajiganoff', '44352', 8, 'hayley.ajiganoff@hotmail.com', '03.png'),
	('04a909da-8b60-4e55-8d35-ed14165b7dd9', 'Aurelio Nowatzek', '44359', 8, 'aurelio.nowatzek@hotmail.com', '02.png'),
	('49c1f0b7-b011-43f4-b6fb-d1458d7ab298', 'Renea Valkevich', '44348', 4, 'renea.valkevich@hotmail.com', '04.png'),
	('a9192724-e4e3-4e92-99c0-6c4302739d5f', 'Rolanda Reble', '44356', 8, 'rolanda.reble@outlook.com', '02.png'),
	('55d08fc7-6ca7-43ea-8836-0f232fabd073', 'Elissa Tsidilkovsky', '44355', 8, 'elissa.tsidilkovsky@hotmail.com', '03.png'),
	('fdca7ef1-11db-421f-b3fd-0d9444c31c1a', 'Sherman Pani', '44351', 6, 'sherman.pani@icloud.com', '04.png'),
	('4ff2a2d7-09a1-4d26-81e1-55fcf9b0f49b', 'Mammie Matheo', '44349', 8, 'mammie.matheo@outlook.com', '02.png'),
	('478cab80-8323-4a74-bc4c-c1447576767a', 'Sunny Mordomo', '44357', 5, 'sunny.mordomo@yahoo.com', '03.png'),
	('61450cb2-6466-4637-8222-9bc32d573df3', 'Nancey Birekoven', '44346', 5, 'nancey.birekoven@gmail.com', '04.png'),
	('32a576d0-4281-4d69-ac93-d4abd6eaa14c', 'Clarice Igreja', '44358', 5, 'clarice.igreja@hotmail.com', '02.png'),
	('454c6214-76ba-45d6-b685-414b605d12f1', 'Genesis Weinberg', '44350', 8, 'genesis.weinberg@outlook.com', '03.png'),
	('d4af321e-76fa-41f9-b431-b5329aef060f', 'Tu Truco', '44360', 6, 'tu.truco@gmail.com', '04.png'),
	('95f316fb-7a7b-4af7-bffb-b1fce97d4db3', 'Hilario Gambara', '44353', 8, 'hilario.gambara@hotmail.com', '02.png'),
	('695bf799-f1aa-4d6e-992c-2c7377e23593', 'Antione Ohlhoff', '44354', 2, 'antione.ohlhoff@icloud.com', '03.png'),
	('1cf7cec8-74a0-4bb6-8364-b03f9a02b33a', 'Nathanial Beining', 'DEV', 2, 'nathanial.beining@icloud.com', '04.png');


--
-- Data for Name: Financing; Type: TABLE DATA; Schema: public; Owner: postgres
--

INSERT INTO "public"."Financing" ("id", "Method") VALUES
	(1, 'Dealer'),
	(2, 'BNS'),
	(3, 'Wells Fargo'),
	(4, 'JPMorgan Chase Bank'),
	(5, 'Bank of America'),
	(6, 'Citibank'),
	(7, 'Capital One Auto Finance'),
	(8, 'Ally Financial'),
	(9, 'Santander Consumer USA'),
	(10, 'TD Auto Finance'),
	(11, 'PNC Bank'),
	(12, 'US Bank'),
	(13, 'Wells Fargo Dealer Services'),
	(14, 'Chase Auto'),
	(15, 'BB&T'),
	(16, 'SunTrust'),
	(17, 'Fifth Third Bank'),
	(18, 'Regions Bank'),
	(19, 'KeyBank'),
	(20, 'Huntington Bank'),
	(21, 'Synchrony Bank'),
	(22, 'Citizens Bank'),
	(23, 'HSBC'),
	(24, 'M&T Bank'),
	(25, 'Comerica Bank'),
	(26, 'Navy Federal Credit Union'),
	(27, 'USAA'),
	(28, 'State Farm Bank'),
	(29, 'American Express'),
	(30, 'Discover Financial Services'),
	(31, 'Barclays'),
	(32, 'Goldman Sachs'),
	(33, 'Morgan Stanley'),
	(34, 'BlackRock'),
	(35, 'Fidelity Investments'),
	(36, 'Vanguard Group'),
	(37, 'Charles Schwab'),
	(38, 'TIAA'),
	(39, 'Credit Suisse'),
	(40, 'UBS'),
	(41, 'Mitsubishi UFJ Financial Group'),
	(42, 'BNP Paribas'),
	(43, 'Royal Bank of Canada'),
	(44, 'Scotiabank');


--
-- Data for Name: MonthlySales; Type: TABLE DATA; Schema: public; Owner: postgres
--

INSERT INTO "public"."MonthlySales" ("id", "TimePeriod", "GrossProfit", "FinAndInsurance", "Holdback", "Total") VALUES
	(1, '2022-11-01 00:00:00', 79450.11, 121632.88, 612.55, 240829.31),
	(2, '2022-12-01 00:00:00', 125088.79, 187558.83, 892.71, 374278.93),
	(3, '2023-01-01 00:00:00', 84310.99, 134971.42, 1356.18, 263754.54),
	(4, '2023-02-01 00:00:00', 80223.56, 128330.58, 2279.26, 250091.93),
	(5, '2023-03-01 00:00:00', 106683.46, 173928.29, 1702.22, 335850.91),
	(6, '2023-04-01 00:00:00', 70067.32, 115554.52, 564.75, 222630.71),
	(7, '2023-05-01 00:00:00', 124918.35, 190539.32, 2048.58, 373935.07),
	(8, '2023-06-01 00:00:00', 80861.36, 131239.73, 1268.47, 259132.56),
	(9, '2023-07-01 00:00:00', 95832.42, 140982.70, 868.52, 281315.72),
	(10, '2023-08-01 00:00:00', 117730.49, 187935.77, 1253.87, 363795.20),
	(11, '2023-09-01 00:00:00', 84731.95, 134485.90, 626.75, 266500.64),
	(12, '2023-10-01 00:00:00', 75530.21, 119545.74, 382.14, 236425.06),
	(13, '2023-11-01 00:00:00', 14774.28, 22322.02, 1251.18, 44269.03);


--
-- Data for Name: TradeIns; Type: TABLE DATA; Schema: public; Owner: postgres
--

INSERT INTO "public"."TradeIns" ("id", "Trade", "ActualCashValue") VALUES
	(1, 'Mercury Cougar', 31690.03),
	(2, 'Toyota Yaris', 11111.81),
	(3, 'Ram 1500 2WD', 36712.78),
	(4, 'Rolls-Royce Wraith', 8807.05),
	(5, 'Mitsubishi Outlander 4WD', 17747.51),
	(6, 'Nissan Pulsar NX', 13775.51),
	(7, 'Buick LaCrosse', 17134.47),
	(8, 'Mitsubishi Eclipse Spyder', 37001.52),
	(9, 'Toyota Truck 2WD', 30935.77),
	(10, 'Subaru Ascent', 26590.00),
	(11, 'Chrysler Sebring 4 Door', 17521.48),
	(12, 'Chevrolet Suburban 1500 AWD', 23035.31),
	(13, 'MINI Cooper S', 32936.74),
	(14, 'Dodge Dakota Pickup 2WD', 24176.08),
	(15, 'Ford F150 Pickup 4WD', 33151.62),
	(16, 'Hyundai Sonata', 35228.16),
	(17, 'Chevrolet S10 Pickup 2WD', 8663.90),
	(18, 'Dodge Diplomat', 11139.01),
	(19, 'Ford Expedition MAX 4WD', 23855.28),
	(20, 'Tesla Model Y Long Range AWD', 18537.53),
	(21, 'GMC G15/25 Vandura 2WD', 15172.46),
	(22, 'Chevrolet G10/20 Van 2WD', 37030.82),
	(23, 'Chevrolet Suburban K10 4WD', 19013.26),
	(24, 'GMC Sierra Denali 1500 AWD', 7215.47),
	(25, 'GMC Sierra C15 2WD', 37517.69),
	(26, 'Volkswagen Passat Wagon 4motion', 17790.42),
	(27, 'Ford Ranger Pickup 4WD', 13706.23),
	(28, 'Chevrolet T10 (S10) Pickup 4WD', 6440.22),
	(29, 'Jeep Comanche Pickup 4WD', 13898.29),
	(30, 'Nissan Sentra', 28400.90),
	(31, 'Toyota Corolla LE Eco', 29743.47),
	(32, 'Mazda 626', 30387.09),
	(33, 'BMW M5', 12581.61),
	(34, 'Pontiac Grand Prix', 22198.09),
	(35, 'Audi TT Roadster quattro', 22825.31),
	(36, 'Mitsubishi Mirage', 7384.21),
	(37, 'GMC Sierra K15 4WD', 10228.33),
	(38, 'Chevrolet Equinox FWD', 29270.46),
	(39, 'Subaru Legacy Wagon AWD', 33378.67),
	(40, 'Land Rover Range Rover Sport SVR MHEV', 27663.26),
	(41, 'Infiniti QX80 2WD', 22073.73),
	(42, 'Mercedes-Benz G550', 27064.85),
	(43, 'Chevrolet K1500 Pickup 4WD', 18844.46),
	(44, 'Porsche 911 Carrera S Cabriolet', 26568.99),
	(45, 'Chevrolet Equinox AWD', 8235.25),
	(46, 'Subaru XT', 13196.67),
	(47, 'Cadillac Escalade 2WD', 14674.08),
	(48, 'Chevrolet Silverado 1500 2WD', 17659.24),
	(49, 'Volkswagen Jetta SportWagen', 16233.41),
	(50, 'Ford Contour', 31598.94),
	(51, 'Mercedes-Benz 300TE', 16830.69),
	(52, 'Suzuki Aerio SX', 18837.30),
	(53, 'Honda Passport 2WD', 26869.03),
	(54, 'GMC Sierra 1500 2WD', 36892.09),
	(55, 'Audi A4 Avant quattro', 37131.43),
	(56, 'Ford Flex AWD', 22236.35),
	(57, 'Dodge Colt Vista 4WD', 7689.57),
	(58, 'Mercedes-Benz C300 4matic', 29780.45),
	(59, 'Subaru Sedan', 20091.63),
	(60, 'Mercedes-Benz CLA250 4matic', 5837.04),
	(61, 'Ford Explorer 2WD', 9438.44),
	(62, 'Subaru Impreza AWD', 15020.09),
	(63, 'Chevrolet Camaro', 18108.97),
	(64, 'Scion xB', 11037.31),
	(65, 'Chevrolet Silverado K15 4WD', 16292.74),
	(66, 'Porsche 911 Carrera S', 35773.57),
	(67, 'Chrysler 300/SRT-8', 34580.64),
	(68, 'GMC Safari 2WD (cargo)', 13826.45),
	(69, 'Porsche 911 GT2 RS', 20092.94),
	(70, 'Hyundai Tiburon (Coupe)', 13921.68),
	(71, 'GMC Sonoma 2WD', 18144.71),
	(72, 'Pontiac Bonneville', 19450.77),
	(73, 'Peugeot 505 Sedan', 14552.45),
	(74, 'Ford E150 Econoline 2WD', 27016.20),
	(75, 'MINI Cooper Convertible', 24197.92),
	(76, 'Buick Skyhawk Wagon', 6079.92),
	(77, 'Dodge D250 Pickup 2WD', 12330.71),
	(78, 'Cadillac CT4 AWD', 20821.90),
	(79, 'Lexus LS 460 L', 20418.94),
	(80, 'BMW i4 M50 Gran Coupe (19 inch wheels)', 25620.41),
	(81, 'Suzuki SX4 Sedan', 19425.96),
	(82, 'Chevrolet Silverado K15 4WD', 30758.44),
	(83, 'Mitsubishi Montero', 27976.25),
	(84, 'Mercury Capri', 7436.95),
	(85, 'Infiniti Q50S Hybrid AWD', 24670.97),
	(86, 'Ford Thunderbird', 18845.43),
	(87, 'Volvo S60 AWD PHEV', 27184.57),
	(88, 'Volvo V90 CC AWD', 11498.17),
	(89, 'Hyundai Sonata', 21008.02),
	(90, 'GMC G15/25 Rally 2WD', 26903.96),
	(91, 'Chevrolet Silverado K15 Cab Chassis 4WD', 27571.45),
	(92, 'Rolls-Royce Phantom Coupe', 31767.64),
	(93, 'Dodge Dakota Pickup 4WD', 20452.64),
	(94, 'Lotus Elise/Exige', 30558.53),
	(95, 'Ford Bronco Badlands 4WD', 25228.44),
	(96, 'Kia Soul', 37397.71),
	(97, 'Chevrolet G10/20 Sport Van 2WD', 30126.50),
	(98, 'Audi 5000S', 5480.07),
	(99, 'Volkswagen Jetta', 7844.05),
	(100, 'BMW X3 xDrive35i', 8813.96),
	(101, 'Mercedes-Benz AMG S63 4matic Plus Convertible', 6385.47),
	(102, 'Chevrolet Suburban 1500 AWD', 30593.47),
	(103, 'Lexus RX 330 4WD', 19280.61),
	(104, 'Volkswagen New Beetle', 20503.24),
	(105, 'Ford Transit Connect Wagon LWB FWD', 6702.53),
	(106, 'Ford LTD Crown Victoria', 36286.18),
	(107, 'Chevrolet Impala', 15769.66),
	(108, 'Mazda 3 4-Door', 23814.97),
	(109, 'BMW M4 Convertible Competition', 8044.36),
	(110, 'Chrysler Laser/Daytona', 37466.44),
	(111, 'Dodge B350 Van 2WD', 36894.14),
	(112, 'GMC Safari 2WD (passenger)', 20003.69),
	(113, 'Geo Prizm', 14431.46),
	(114, 'Infiniti QX60 FWD', 25761.60),
	(115, 'Mercedes-Benz E320 Wagon', 7206.12),
	(116, 'Honda Crosstour 4WD', 21010.81),
	(117, 'Honda Pilot 2WD', 14198.35),
	(118, 'MINI Cooper S Roadster', 28343.88),
	(119, 'Ford LTD Crown Victoria', 34987.32),
	(120, 'Chrysler 300C AWD', 29799.78),
	(121, 'GMC Sierra K15 4WD', 15864.68),
	(122, 'Toyota 4Runner 2WD', 32957.21),
	(123, 'Mitsubishi Montero Sport 4WD', 14623.74),
	(124, 'Porsche 911 Carrera 4S', 36428.61),
	(125, 'Subaru Brat 4WD', 27082.24),
	(126, 'Buick Century Estate Wagon', 6598.00),
	(127, 'Jaguar X-Type', 31620.94),
	(128, 'BMW 760li', 36580.17),
	(129, 'Volkswagen Rabbit', 16046.28),
	(130, 'Pontiac 6000', 17447.69),
	(131, 'Mazda 323', 6266.11),
	(132, 'Nissan Pathfinder 4WD', 21063.46),
	(133, 'Ford Explorer Sport Trac 4WD', 15158.87),
	(134, 'Audi A8 L', 8017.31),
	(135, 'Pontiac Firebird/Trans Am', 8740.62),
	(136, 'Dodge Ram 1500 Pickup 2WD', 33698.69),
	(137, 'Mercedes-Benz SL600', 17708.97),
	(138, 'Mazda CX-5 4WD', 22391.69),
	(139, 'Mitsubishi Outlander 2WD', 26143.01),
	(140, 'BMW X2 xDrive28i', 32608.15),
	(141, 'Chevrolet C2500 Pickup 2WD', 33647.17),
	(142, 'Geo Prizm', 17841.30),
	(143, 'Mazda CX-5 4WD', 8803.32),
	(144, 'Ford Ranger Pickup 2WD', 20659.27),
	(145, 'Chevrolet K1500 Pickup 4WD', 28957.86),
	(146, 'Honda Civic 2Dr', 25475.00),
	(147, 'Porsche 911 C4 GTS Cabriolet', 19487.63),
	(148, 'Eagle Summit', 13569.90),
	(149, 'Pontiac Firefly', 10746.18),
	(150, 'Audi A6 Allroad quattro', 21489.90),
	(151, 'GMC C15 Pickup 2WD', 36365.22),
	(152, 'Dodge Stratus', 13206.63),
	(153, 'Oldsmobile Cutlass Ciera', 29318.85),
	(154, 'Toyota FJ Cruiser 2WD', 20706.00),
	(155, 'Lexus LS 400', 33504.79),
	(156, 'Subaru Impreza AWD', 11816.85),
	(157, 'Chrysler Sebring Convertible', 29396.53),
	(158, 'Aston Martin DB9', 14208.34),
	(159, 'Nissan Maxima', 28808.17),
	(160, 'Chevrolet Impala/Caprice', 35817.10),
	(161, 'Acura RLX Hybrid', 12047.91),
	(162, 'Toyota Camry XSE', 37990.91),
	(163, 'Mercedes-Benz CL550 4matic', 28966.04),
	(164, 'Nissan Titan 4WD', 18634.29),
	(165, 'Infiniti Q50 Red Sport  AWD', 27327.92);


--
-- Data for Name: Sales; Type: TABLE DATA; Schema: public; Owner: postgres
--

INSERT INTO "public"."Sales" ("id", "StockNumber", "VehicleMake", "ActualCashValue", "GrossProfit", "FinAndInsurance", "SaleTime", "NewSale", "Holdback", "LotPack", "DaysInStock", "DealerCost", "ROI", "Total", "CustomerID", "FinancingID", "TradeInID", "EmployeeID") VALUES
	(5, '13097', 'Mercedes-Benz E500 4matic (wagon)', 73651.37, 3553.44, 4787.34, '2022-11-06 13:42:16', true, 856.10, NULL, NULL, NULL, NULL, 9196.88, 141, 13, NULL, '4ff2a2d7-09a1-4d26-81e1-55fcf9b0f49b'),
	(6, '13031', 'Honda Civic Del Sol', 85663.06, 3410.54, 5568.10, '2022-11-07 08:51:11', false, NULL, 2544.66, 70, 70521.65, 0.82, 11523.30, 32, 10, NULL, 'd4af321e-76fa-41f9-b431-b5329aef060f'),
	(7, '13299', 'Isuzu Pickup 2WD', 86562.23, 4112.78, 5626.54, '2022-11-07 16:56:18', true, 2381.99, NULL, NULL, NULL, NULL, 12121.31, 396, 11, NULL, '55d08fc7-6ca7-43ea-8836-0f232fabd073'),
	(8, '13177', 'Pontiac Sunbird', 37801.55, 1169.49, 2457.10, '2022-11-08 13:18:52', false, NULL, 781.32, 31, 31590.93, 0.84, 4407.91, 324, 33, 55, '55d08fc7-6ca7-43ea-8836-0f232fabd073'),
	(9, '13061', 'Chevrolet G10/20 Van 2WD', 46852.72, 2223.85, 3045.43, '2022-11-09 08:48:24', true, 663.54, NULL, NULL, NULL, NULL, 5932.82, 462, 11, 30, '55d08fc7-6ca7-43ea-8836-0f232fabd073'),
	(10, '13425', 'GMC C15 Pickup 2WD', 43689.62, 2174.71, 2839.83, '2022-11-11 14:08:39', false, NULL, 937.09, 91, 31773.18, 0.73, 5951.63, 274, 17, 41, 'a9192724-e4e3-4e92-99c0-6c4302739d5f'),
	(11, '13038', 'Mazda CX-9 4WD', 55743.03, 1823.43, 3623.30, '2022-11-11 17:57:56', true, 1261.95, NULL, NULL, NULL, NULL, 6708.68, 268, 11, NULL, 'a9192724-e4e3-4e92-99c0-6c4302739d5f'),
	(12, '13417', 'Mercury Sable', 87584.78, 3993.71, 5693.01, '2022-11-12 10:54:42', true, 1255.95, NULL, NULL, NULL, NULL, 10942.67, 222, 22, 81, '695bf799-f1aa-4d6e-992c-2c7377e23593'),
	(14, '13317', 'Pontiac 6000 Wagon', 82071.89, 4036.23, 5334.67, '2022-11-13 15:29:00', false, NULL, 2198.35, 9, 76828.92, 0.94, 11569.25, 163, 4, 105, 'a9192724-e4e3-4e92-99c0-6c4302739d5f'),
	(15, '13126', 'Ford F150 Pickup Tremor 4WD', 53110.18, 1905.14, 3452.16, '2022-11-13 17:15:32', false, NULL, 844.14, 92, 49631.18, 0.93, 6201.44, 403, 3, NULL, '454c6214-76ba-45d6-b685-414b605d12f1'),
	(16, '13156', 'Dodge Dakota Pickup 2WD', 35310.71, 1509.77, 2295.20, '2022-11-15 12:51:19', false, NULL, 583.97, 41, 34829.14, 0.99, 4388.94, 414, 25, NULL, '04a909da-8b60-4e55-8d35-ed14165b7dd9'),
	(17, '13010', 'Chevrolet K1500 Pickup 4WD', 75399.95, 2958.95, 4901.00, '2022-11-16 16:44:37', true, 1190.55, NULL, NULL, NULL, NULL, 9050.50, 455, 6, 66, '95f316fb-7a7b-4af7-bffb-b1fce97d4db3'),
	(18, '13220', 'Jeep Grand Cherokee 2WD', 71596.31, 2593.19, 4653.76, '2022-11-17 08:23:02', true, 1712.04, NULL, NULL, NULL, NULL, 8958.99, 303, 30, NULL, '55d08fc7-6ca7-43ea-8836-0f232fabd073'),
	(19, '13498', 'Honda Civic CRX HF', 60421.32, 2484.39, 3927.39, '2022-11-17 10:33:53', false, NULL, 1596.23, 73, 51151.16, 0.85, 8008.01, 121, 14, NULL, 'd4af321e-76fa-41f9-b431-b5329aef060f'),
	(20, '13409', 'Jeep Grand Cherokee 2WD', 46391.73, 1810.51, 3015.46, '2022-11-17 12:32:01', true, 1020.90, NULL, NULL, NULL, NULL, 5846.87, 463, 39, NULL, '454c6214-76ba-45d6-b685-414b605d12f1'),
	(21, '13221', 'BMW X5 xDrive40i', 47457.36, 2258.39, 3084.73, '2022-11-19 09:14:49', true, 1304.48, NULL, NULL, NULL, NULL, 6647.60, 457, 29, NULL, '4ff2a2d7-09a1-4d26-81e1-55fcf9b0f49b'),
	(22, '13039', 'Dodge B2500 Van 2WD', 30659.70, 1322.53, 1992.88, '2022-11-19 10:26:08', true, 387.69, NULL, NULL, NULL, NULL, 3703.10, 352, 1, 56, '55d08fc7-6ca7-43ea-8836-0f232fabd073'),
	(23, '13316', 'Toyota Truck 2WD', 31789.00, 1402.08, 2066.28, '2022-11-20 08:07:37', true, 850.14, NULL, NULL, NULL, NULL, 4318.50, 58, 1, NULL, '4ff2a2d7-09a1-4d26-81e1-55fcf9b0f49b'),
	(24, '13321', 'Volvo S70', 32795.60, 1414.28, 2131.71, '2022-11-20 10:06:40', true, 480.17, NULL, NULL, NULL, NULL, 4026.16, 150, 18, 133, '4ff2a2d7-09a1-4d26-81e1-55fcf9b0f49b'),
	(25, '13236', 'GMC Sonoma 4WD', 39397.50, 1329.04, 2560.84, '2022-11-20 12:52:55', true, 966.89, NULL, NULL, NULL, NULL, 4856.77, 241, 43, NULL, '4ff2a2d7-09a1-4d26-81e1-55fcf9b0f49b'),
	(26, '13352', 'J.K. Motors BMW735IL', 54734.23, 1656.45, 3557.72, '2022-11-22 15:20:27', true, 944.35, NULL, NULL, NULL, NULL, 6158.52, 133, 26, 122, '695bf799-f1aa-4d6e-992c-2c7377e23593'),
	(27, '13347', 'Toyota Camry Hybrid', 27819.25, 1064.01, 1808.25, '2022-11-23 15:19:34', true, 389.17, NULL, NULL, NULL, NULL, 3261.43, 482, 19, NULL, '95f316fb-7a7b-4af7-bffb-b1fce97d4db3'),
	(28, '13324', 'Volkswagen Passat Syncro', 74397.88, 3260.32, 4835.86, '2022-11-24 15:05:31', false, NULL, 1123.34, 113, 53552.61, 0.72, 9219.52, 175, 15, NULL, '695bf799-f1aa-4d6e-992c-2c7377e23593'),
	(29, '13160', 'GMC Sierra 1500 2WD', 38667.92, 1677.43, 2513.41, '2022-11-24 17:09:44', true, 729.36, NULL, NULL, NULL, NULL, 4920.20, 67, 33, NULL, '04a909da-8b60-4e55-8d35-ed14165b7dd9'),
	(30, '13065', 'Audi A8', 29761.06, 1274.88, 148.81, '2022-11-27 13:01:56', true, 744.49, NULL, NULL, NULL, NULL, 2168.18, 346, NULL, 143, 'fdca7ef1-11db-421f-b3fd-0d9444c31c1a'),
	(31, '13432', 'Chevrolet Sonic', 40810.96, 1454.50, 2652.71, '2022-11-27 14:23:12', true, 612.55, NULL, NULL, NULL, NULL, 4719.76, 299, 1, NULL, '95f316fb-7a7b-4af7-bffb-b1fce97d4db3'),
	(32, '13058', 'Nissan Pathfinder 4WD', 86137.19, 3719.49, 5598.92, '2022-11-29 14:42:37', true, 2499.16, NULL, NULL, NULL, NULL, 11817.57, 197, 38, 160, '695bf799-f1aa-4d6e-992c-2c7377e23593'),
	(33, '13136', 'BMW 760i xDrive Sedan', 50347.25, 2266.73, 3272.57, '2022-11-30 14:24:07', true, 1008.41, NULL, NULL, NULL, NULL, 6547.71, 474, 7, NULL, 'd4af321e-76fa-41f9-b431-b5329aef060f'),
	(34, '13249', 'GMC Sierra K10 4WD', 71738.85, 2725.52, 4663.03, '2022-12-01 09:03:37', false, NULL, 2022.30, 108, 70561.94, 0.98, 9410.85, 127, 31, 65, '695bf799-f1aa-4d6e-992c-2c7377e23593'),
	(35, '13178', 'Subaru Impreza AWD', 29224.92, 1007.35, 1899.62, '2022-12-02 09:09:10', true, 644.21, NULL, NULL, NULL, NULL, 3551.18, 111, 5, NULL, 'd4af321e-76fa-41f9-b431-b5329aef060f'),
	(36, '13477', 'Jeep Wrangler 4dr EcoDiesel 4WD', 41132.20, 1816.48, 2673.59, '2022-12-02 16:34:14', false, NULL, 456.13, 97, 38351.61, 0.93, 4946.20, 438, 41, 164, 'fdca7ef1-11db-421f-b3fd-0d9444c31c1a'),
	(37, '13279', 'GMC Sierra C15 2WD', 79146.38, 2957.76, 5144.51, '2022-12-03 10:05:15', false, NULL, 1849.26, 72, 78450.88, 0.99, 9951.53, 282, 6, NULL, 'a9192724-e4e3-4e92-99c0-6c4302739d5f'),
	(38, '13315', 'Roush Performance Stage 3 Mustang', 80610.14, 2695.03, 5239.66, '2022-12-03 10:57:16', false, NULL, 1027.68, 69, 70825.41, 0.88, 8962.37, 470, 27, NULL, '55d08fc7-6ca7-43ea-8836-0f232fabd073'),
	(39, '13092', 'Toyota Tundra 2WD', 76856.62, 2965.05, 4995.68, '2022-12-03 12:57:01', false, NULL, 791.52, 39, 59370.19, 0.77, 8752.25, 433, 1, NULL, '04a909da-8b60-4e55-8d35-ed14165b7dd9'),
	(40, '13491', 'Mercedes-Benz E320', 39147.40, 1378.24, 2544.58, '2022-12-03 13:06:37', true, 892.71, NULL, NULL, NULL, NULL, 4815.53, 63, 43, 50, '55d08fc7-6ca7-43ea-8836-0f232fabd073'),
	(41, '13415', 'Panther Car Company Limited Kallista', 53237.74, 2480.24, 3460.45, '2022-12-04 09:30:10', false, NULL, 543.61, 3, 50980.04, 0.96, 6484.30, 34, 20, NULL, '55d08fc7-6ca7-43ea-8836-0f232fabd073'),
	(42, '13004', 'BMW 530i', 27990.22, 1009.26, 1819.36, '2022-12-04 12:17:50', true, 442.58, NULL, NULL, NULL, NULL, 3271.20, 187, 20, 136, '454c6214-76ba-45d6-b685-414b605d12f1'),
	(43, '13238', 'Jeep Cherokee FWD', 81606.68, 3449.30, 5304.43, '2022-12-04 14:19:35', false, NULL, 2061.76, 110, 61813.64, 0.76, 10815.49, 310, 17, 137, '454c6214-76ba-45d6-b685-414b605d12f1'),
	(44, '13079', 'Rolls-Royce Spirit III/Spur III/Dawn', 73867.08, 3367.04, 4801.36, '2022-12-05 11:09:51', false, NULL, 738.72, 4, 59797.53, 0.81, 8907.12, 245, 30, 17, '04a909da-8b60-4e55-8d35-ed14165b7dd9'),
	(45, '13313', 'Toyota Tacoma 2WD', 56082.11, 1720.45, 3645.34, '2022-12-05 12:28:56', true, 1211.41, NULL, NULL, NULL, NULL, 6577.20, 464, 1, NULL, '695bf799-f1aa-4d6e-992c-2c7377e23593'),
	(46, '13155', 'BMW 325xi Sport Wagon', 77307.43, 3388.98, 5024.98, '2022-12-06 12:05:48', false, NULL, 1171.93, 104, 69437.62, 0.90, 9585.89, 192, 6, NULL, '55d08fc7-6ca7-43ea-8836-0f232fabd073'),
	(47, '13308', 'Mercedes-Benz CLK320 Cabriolet', 63398.73, 2750.33, 4120.92, '2022-12-07 14:27:27', true, 992.28, NULL, NULL, NULL, NULL, 7863.53, 162, 25, NULL, '64acbdd7-4d8f-4530-a390-cfd110ac6644'),
	(48, '13018', 'Nissan Truck 4WD', 72457.47, 2995.36, 362.29, '2022-12-08 16:27:21', false, NULL, 1774.45, 40, 63780.28, 0.88, 5132.10, 234, NULL, 150, 'fdca7ef1-11db-421f-b3fd-0d9444c31c1a'),
	(49, '13104', 'Saab 9-3 Convertible', 54075.79, 1677.83, 3514.93, '2022-12-09 09:56:04', true, 1318.32, NULL, NULL, NULL, NULL, 6511.08, 33, 14, NULL, '454c6214-76ba-45d6-b685-414b605d12f1'),
	(50, '13157', 'Hyundai Ioniq 5 Standard range RWD', 79733.46, 3781.43, 5182.67, '2022-12-11 10:41:50', true, 2048.96, NULL, NULL, NULL, NULL, 11013.06, 182, 13, NULL, '55d08fc7-6ca7-43ea-8836-0f232fabd073'),
	(51, '13353', 'Jeep New Compass 4WD', 68244.27, 2680.22, 4435.88, '2022-12-11 17:09:23', false, NULL, 890.38, 100, 67721.65, 0.99, 8006.48, 479, 43, NULL, '55d08fc7-6ca7-43ea-8836-0f232fabd073'),
	(52, '13074', 'Audi Q7', 73191.65, 2831.02, 4757.46, '2022-12-12 13:54:49', false, NULL, 943.47, 65, 52910.27, 0.72, 8531.95, 65, 31, NULL, 'd4af321e-76fa-41f9-b431-b5329aef060f'),
	(53, '13448', 'Nissan 370Z', 56638.04, 2318.77, 3681.47, '2022-12-13 15:10:02', false, NULL, 799.17, 83, 50475.07, 0.89, 6799.41, 454, 31, NULL, '695bf799-f1aa-4d6e-992c-2c7377e23593'),
	(54, '13351', 'Kia Stinger AWD', 47742.49, 2269.92, 3103.26, '2022-12-13 16:27:50', false, NULL, 1266.80, 35, 45436.04, 0.95, 6639.98, 64, 23, NULL, '64acbdd7-4d8f-4530-a390-cfd110ac6644'),
	(55, '13327', 'Chevrolet Express 2500 2WD Passenger', 44583.09, 1925.33, 2897.90, '2022-12-14 14:18:01', false, NULL, 1311.15, 3, 42733.40, 0.96, 6134.38, 317, 18, NULL, '695bf799-f1aa-4d6e-992c-2c7377e23593'),
	(56, '13291', 'Isuzu Hombre Pickup 2WD', 83746.15, 4072.32, 5443.50, '2022-12-14 14:38:43', true, 1924.71, NULL, NULL, NULL, NULL, 11440.53, 206, 40, NULL, '695bf799-f1aa-4d6e-992c-2c7377e23593'),
	(57, '13368', 'GMC Canyon 4WD', 60588.77, 2503.42, 302.94, '2022-12-15 08:00:15', true, 938.16, NULL, NULL, NULL, NULL, 3744.52, 436, NULL, NULL, 'fdca7ef1-11db-421f-b3fd-0d9444c31c1a'),
	(58, '13270', 'Audi TT Roadster quattro', 80332.55, 3743.41, 5221.62, '2022-12-15 10:03:02', true, 937.46, NULL, NULL, NULL, NULL, 9902.49, 310, 14, NULL, 'a9192724-e4e3-4e92-99c0-6c4302739d5f'),
	(59, '13318', 'Porsche Carrera 2 Coupe', 72993.55, 2265.43, 4744.58, '2022-12-15 12:38:36', false, NULL, 1264.21, 7, 72609.27, 0.99, 8274.22, 454, 27, NULL, '55d08fc7-6ca7-43ea-8836-0f232fabd073'),
	(60, '13016', 'MINI Cooper Hardtop 2 door', 58183.76, 1816.54, 3781.94, '2022-12-15 14:01:08', true, 1206.11, NULL, NULL, NULL, NULL, 6804.59, 392, 27, NULL, 'd4af321e-76fa-41f9-b431-b5329aef060f'),
	(61, '13145', 'Nissan Pickup 2WD', 48348.51, 1814.16, 3142.65, '2022-12-15 15:40:09', true, 814.74, NULL, NULL, NULL, NULL, 5771.55, 266, 1, NULL, '454c6214-76ba-45d6-b685-414b605d12f1'),
	(62, '13410', 'Bentley Continental GT Convertible', 61029.73, 1841.37, 3966.93, '2022-12-16 17:23:49', true, 1242.75, NULL, NULL, NULL, NULL, 7051.05, 75, 26, NULL, '64acbdd7-4d8f-4530-a390-cfd110ac6644'),
	(63, '13335', 'Chevrolet Blazer 4WD', 35568.82, 1191.81, 2311.97, '2022-12-18 12:33:51', false, NULL, 734.82, 7, 32422.07, 0.91, 4238.60, 182, 36, NULL, '4ff2a2d7-09a1-4d26-81e1-55fcf9b0f49b'),
	(64, '13207', 'Hyundai Ioniq', 73047.47, 2222.94, 4748.09, '2022-12-18 14:41:19', false, NULL, 2082.36, 28, 51599.22, 0.71, 9053.39, 22, 15, NULL, '55d08fc7-6ca7-43ea-8836-0f232fabd073'),
	(65, '13393', 'Peugeot 505 Sedan', 82153.66, 3933.80, 5339.99, '2022-12-19 13:03:32', true, 1386.46, NULL, NULL, NULL, NULL, 10660.25, 305, 29, 46, 'd4af321e-76fa-41f9-b431-b5329aef060f'),
	(66, '13105', 'Mitsubishi Mirage', 77013.31, 3639.02, 5005.87, '2022-12-19 13:56:18', true, 1186.98, NULL, NULL, NULL, NULL, 9831.87, 385, 20, NULL, '454c6214-76ba-45d6-b685-414b605d12f1'),
	(67, '13161', 'GMC Yukon XL 1500 2WD', 83034.82, 2564.99, 5397.26, '2022-12-20 16:10:05', true, 2176.52, NULL, NULL, NULL, NULL, 10138.77, 373, 14, NULL, '695bf799-f1aa-4d6e-992c-2c7377e23593'),
	(68, '13336', 'Chevrolet C1500 Pickup 2WD', 62876.71, 3113.92, 314.38, '2022-12-21 10:07:53', true, 1006.31, NULL, NULL, NULL, NULL, 4434.61, 31, NULL, NULL, '64acbdd7-4d8f-4530-a390-cfd110ac6644'),
	(69, '13180', 'Polestar 2 Dual Motor Perf Pack', 86786.80, 2942.37, 5641.14, '2022-12-21 16:56:58', true, 2562.94, NULL, NULL, NULL, NULL, 11146.45, 205, 42, NULL, 'd4af321e-76fa-41f9-b431-b5329aef060f'),
	(70, '13204', 'Ford C-MAX Hybrid FWD', 77952.78, 2437.57, 5066.93, '2022-12-22 11:10:38', true, 1831.84, NULL, NULL, NULL, NULL, 9336.34, 322, 14, 97, '4ff2a2d7-09a1-4d26-81e1-55fcf9b0f49b'),
	(71, '13242', 'Ford Mustang', 60865.43, 2854.08, 3956.25, '2022-12-22 14:51:41', true, 1256.61, NULL, NULL, NULL, NULL, 8066.94, 459, 26, 40, '454c6214-76ba-45d6-b685-414b605d12f1'),
	(72, '13048', 'Saab 900', 34087.25, 1060.00, 170.44, '2022-12-23 15:43:28', false, NULL, 496.76, 115, 23901.86, 0.70, 1727.20, 364, NULL, 151, '55d08fc7-6ca7-43ea-8836-0f232fabd073'),
	(73, '13467', 'Nissan Murano FWD', 70470.64, 2182.27, 352.35, '2022-12-24 12:04:33', true, 1143.66, NULL, NULL, NULL, NULL, 3678.28, 340, NULL, NULL, '55d08fc7-6ca7-43ea-8836-0f232fabd073'),
	(74, '13122', 'Chevrolet Tahoe 1500 2WD', 31690.82, 1071.85, 2059.90, '2022-12-24 14:01:11', false, NULL, 917.04, 29, 23067.54, 0.73, 4048.79, 412, 32, 117, '95f316fb-7a7b-4af7-bffb-b1fce97d4db3'),
	(75, '13275', 'Volvo 740/760', 27395.60, 833.10, 1780.71, '2022-12-24 16:39:24', true, 602.98, NULL, NULL, NULL, NULL, 3216.79, 254, 9, NULL, '55d08fc7-6ca7-43ea-8836-0f232fabd073'),
	(76, '13408', 'GMC Savana 1500/2500 2WD (Passenger)', 62092.77, 3102.90, 4036.03, '2022-12-24 17:16:14', false, NULL, 1266.19, 32, 60498.10, 0.97, 8405.12, 195, 4, NULL, '695bf799-f1aa-4d6e-992c-2c7377e23593'),
	(77, '13458', 'Ferrari F430', 28106.86, 1257.03, 1826.95, '2022-12-26 10:20:56', true, 465.84, NULL, NULL, NULL, NULL, 3549.82, 125, 36, NULL, 'fdca7ef1-11db-421f-b3fd-0d9444c31c1a'),
	(78, '13159', 'Infiniti G37 Convertible', 49959.49, 2210.22, 3247.37, '2022-12-26 14:34:33', false, NULL, 668.72, 4, 40580.80, 0.81, 6126.31, 482, 39, NULL, '95f316fb-7a7b-4af7-bffb-b1fce97d4db3'),
	(79, '13194', 'Mazda 3 5-Door 2WD', 64782.84, 3157.62, 4210.88, '2022-12-26 16:49:40', false, NULL, 1624.25, 95, 58870.66, 0.91, 8992.75, 72, 6, NULL, 'd4af321e-76fa-41f9-b431-b5329aef060f'),
	(80, '13361', 'Volkswagen ID.4 1st', 79144.73, 3352.86, 5144.41, '2022-12-29 13:50:14', false, NULL, 893.46, 76, 76060.63, 0.96, 9390.73, 287, 23, NULL, '55d08fc7-6ca7-43ea-8836-0f232fabd073'),
	(81, '13042', 'Rolls-Royce Wraith', 87694.28, 2786.24, 5700.13, '2022-12-29 14:24:59', false, NULL, 1930.40, 93, 79836.02, 0.91, 10416.77, 441, 24, NULL, 'd4af321e-76fa-41f9-b431-b5329aef060f'),
	(82, '13329', 'Acura 3.5RL', 72535.62, 2890.74, 4714.82, '2022-12-30 08:39:03', true, 1719.19, NULL, NULL, NULL, NULL, 9324.75, 262, 17, 64, 'fdca7ef1-11db-421f-b3fd-0d9444c31c1a'),
	(83, '13139', 'Volvo C70', 75129.99, 3089.02, 4883.45, '2022-12-30 09:40:41', true, 1641.53, NULL, NULL, NULL, NULL, 9614.00, 354, 1, NULL, 'a9192724-e4e3-4e92-99c0-6c4302739d5f'),
	(84, '13088', 'GMC Sierra 1500 4WD', 27261.27, 946.88, 1771.98, '2022-12-30 17:05:16', false, NULL, 509.51, 7, 24949.46, 0.92, 3228.37, 26, 23, NULL, '454c6214-76ba-45d6-b685-414b605d12f1'),
	(85, '13077', 'Buick Park Avenue', 59821.29, 2705.46, 3888.38, '2023-01-03 11:20:15', false, NULL, 1105.17, 82, 43439.39, 0.73, 7699.01, 19, 31, 44, '695bf799-f1aa-4d6e-992c-2c7377e23593'),
	(86, '13252', 'Saturn Vue AWD', 50672.41, 1562.35, 3293.71, '2023-01-05 13:29:46', true, 1055.33, NULL, NULL, NULL, NULL, 5911.39, 3, 9, NULL, '4ff2a2d7-09a1-4d26-81e1-55fcf9b0f49b'),
	(87, '13037', 'Kia Optima', 59922.35, 2631.72, 3894.95, '2023-01-05 16:02:09', false, NULL, 1446.56, 102, 45171.64, 0.75, 7973.23, 461, 35, NULL, 'a9192724-e4e3-4e92-99c0-6c4302739d5f'),
	(88, '13470', 'BMW M235i', 80683.21, 3402.61, 5244.41, '2023-01-05 16:28:04', true, 1356.18, NULL, NULL, NULL, NULL, 10003.20, 445, 19, NULL, 'fdca7ef1-11db-421f-b3fd-0d9444c31c1a'),
	(89, '13162', 'Toyota Prius', 29175.41, 939.36, 1896.40, '2023-01-06 10:00:27', true, 756.75, NULL, NULL, NULL, NULL, 3592.51, 139, 3, NULL, '55d08fc7-6ca7-43ea-8836-0f232fabd073'),
	(90, '13045', 'GMC Yukon XL 1500 4WD', 68994.87, 2100.98, 4484.67, '2023-01-06 14:01:06', true, 1174.26, NULL, NULL, NULL, NULL, 7759.91, 12, 2, NULL, '55d08fc7-6ca7-43ea-8836-0f232fabd073'),
	(91, '13063', 'Saab 9-5', 73018.94, 3296.89, 4746.23, '2023-01-06 15:38:49', true, 1734.40, NULL, NULL, NULL, NULL, 9777.52, 25, 30, NULL, 'd4af321e-76fa-41f9-b431-b5329aef060f'),
	(92, '13264', 'BMW M5', 50886.55, 1549.70, 3307.63, '2023-01-07 15:11:55', false, NULL, 797.79, 104, 45339.42, 0.89, 5655.12, 233, 42, NULL, '64acbdd7-4d8f-4530-a390-cfd110ac6644'),
	(93, '13112', 'BMW Z4 sDrive28i', 65726.42, 2191.75, 4272.22, '2023-01-08 12:55:31', false, NULL, 1674.23, 103, 54269.02, 0.83, 8138.20, 418, 9, 118, 'd4af321e-76fa-41f9-b431-b5329aef060f'),
	(94, '13429', 'Mazda 3 4-Door 2WD', 38165.59, 1478.43, 2480.76, '2023-01-09 14:15:19', true, 740.08, NULL, NULL, NULL, NULL, 4699.27, 188, 20, NULL, '95f316fb-7a7b-4af7-bffb-b1fce97d4db3'),
	(95, '13023', 'Chevrolet Celebrity Wagon', 36483.79, 1559.67, 2371.45, '2023-01-09 16:45:37', false, NULL, 933.75, 106, 34274.33, 0.94, 4864.87, 346, 29, NULL, 'a9192724-e4e3-4e92-99c0-6c4302739d5f'),
	(96, '13443', 'Mercedes-Benz S500 Coupe', 78685.99, 3044.81, 5114.59, '2023-01-10 10:20:50', false, NULL, 1050.82, 87, 60921.79, 0.77, 9210.22, 158, 15, NULL, '55d08fc7-6ca7-43ea-8836-0f232fabd073'),
	(97, '13244', 'Chrysler Sebring Convertible', 42967.34, 1512.41, 2792.88, '2023-01-10 16:08:18', true, 1057.20, NULL, NULL, NULL, NULL, 5362.49, 237, 27, 106, 'd4af321e-76fa-41f9-b431-b5329aef060f'),
	(98, '13319', 'Audi S4', 66881.00, 3044.33, 4347.27, '2023-01-10 17:11:23', true, 1123.24, NULL, NULL, NULL, NULL, 8514.84, 273, 1, 69, '55d08fc7-6ca7-43ea-8836-0f232fabd073'),
	(99, '13035', 'BMW 550i xDrive', 34754.55, 1216.80, 2259.05, '2023-01-11 10:53:54', true, 464.66, NULL, NULL, NULL, NULL, 3940.51, 170, 44, 152, '454c6214-76ba-45d6-b685-414b605d12f1'),
	(100, '13390', 'Mercedes-Benz GLC300', 74862.19, 2530.61, 4866.04, '2023-01-13 13:29:33', false, NULL, 1202.20, 88, 63017.13, 0.84, 8598.85, 420, 44, 161, 'a9192724-e4e3-4e92-99c0-6c4302739d5f'),
	(101, '13150', 'Chrysler Pacifica 2WD', 69658.97, 3384.02, 4527.83, '2023-01-14 12:42:08', false, NULL, 2065.30, 114, 68913.86, 0.99, 9977.15, 304, 11, 73, '55d08fc7-6ca7-43ea-8836-0f232fabd073'),
	(102, '13423', 'BMW 640i Gran Coupe', 52278.84, 2070.75, 3398.12, '2023-01-14 13:16:23', true, 933.13, NULL, NULL, NULL, NULL, 6402.00, 423, 24, NULL, 'fdca7ef1-11db-421f-b3fd-0d9444c31c1a'),
	(103, '13143', 'Toyota Prius', 50345.76, 1660.01, 3272.47, '2023-01-15 08:51:47', false, NULL, 1371.99, 119, 47571.74, 0.94, 6304.47, 420, 6, NULL, '55d08fc7-6ca7-43ea-8836-0f232fabd073'),
	(104, '13475', 'Ford Transit Connect Van 2WD', 75809.81, 3096.04, 4927.64, '2023-01-16 13:47:57', false, NULL, 2015.96, 22, 55541.50, 0.73, 10039.64, 359, 11, NULL, 'a9192724-e4e3-4e92-99c0-6c4302739d5f'),
	(105, '13163', 'Jaguar XKR Convertible', 44067.42, 1816.94, 2864.38, '2023-01-16 14:47:36', true, 611.57, NULL, NULL, NULL, NULL, 5292.89, 281, 3, NULL, 'a9192724-e4e3-4e92-99c0-6c4302739d5f'),
	(106, '13297', 'BMW M850i xDrive Coupe', 43763.27, 1605.55, 2844.61, '2023-01-18 09:59:40', false, NULL, 713.13, 80, 34378.36, 0.79, 5163.29, 299, 44, 24, 'a9192724-e4e3-4e92-99c0-6c4302739d5f'),
	(107, '13109', 'Dodge B350 Van 2WD', 63423.30, 2156.86, 4122.51, '2023-01-18 16:25:36', true, 1631.84, NULL, NULL, NULL, NULL, 7911.21, 286, 8, NULL, 'd4af321e-76fa-41f9-b431-b5329aef060f'),
	(108, '13461', 'Subaru Forester AWD', 63032.73, 2258.41, 4097.13, '2023-01-19 16:11:33', true, 834.69, NULL, NULL, NULL, NULL, 7190.23, 448, 8, 99, '95f316fb-7a7b-4af7-bffb-b1fce97d4db3'),
	(109, '13363', 'Toyota Corolla Wagon', 41150.26, 1609.34, 2674.77, '2023-01-19 17:32:31', true, 1058.45, NULL, NULL, NULL, NULL, 5342.56, 215, 21, NULL, '64acbdd7-4d8f-4530-a390-cfd110ac6644'),
	(110, '13008', 'GMC Sierra 1500 4WD', 40586.38, 1583.68, 2638.11, '2023-01-20 10:46:31', false, NULL, 439.05, 15, 29713.59, 0.73, 4660.84, 296, 41, 94, '55d08fc7-6ca7-43ea-8836-0f232fabd073'),
	(111, '13311', 'BMW 325xi Sport Wagon', 75278.98, 3374.62, 4893.13, '2023-01-20 13:27:57', true, 1659.43, NULL, NULL, NULL, NULL, 9927.18, 91, 2, NULL, '55d08fc7-6ca7-43ea-8836-0f232fabd073'),
	(112, '13024', 'Bentley Bentayga', 35895.07, 1748.66, 2333.18, '2023-01-20 14:55:10', true, 907.09, NULL, NULL, NULL, NULL, 4988.93, 375, 44, NULL, '55d08fc7-6ca7-43ea-8836-0f232fabd073'),
	(113, '13357', 'BMW M3 Coupe', 50583.95, 2370.31, 3287.96, '2023-01-21 14:38:45', true, 761.39, NULL, NULL, NULL, NULL, 6419.66, 234, 9, 80, '55d08fc7-6ca7-43ea-8836-0f232fabd073'),
	(114, '13457', 'GMC Sierra 1500 4WD', 47838.76, 1593.61, 3109.52, '2023-01-23 16:29:48', false, NULL, 1196.49, 117, 42085.36, 0.88, 5899.62, 11, 35, 27, 'a9192724-e4e3-4e92-99c0-6c4302739d5f'),
	(115, '13426', 'Volkswagen GTI', 88106.86, 3589.22, 5726.95, '2023-01-25 09:38:43', false, NULL, 2483.53, 65, 83564.66, 0.95, 11799.70, 354, 40, NULL, '04a909da-8b60-4e55-8d35-ed14165b7dd9'),
	(116, '13206', 'Saab 9-3 SportCombi', 44147.85, 1803.78, 2869.61, '2023-01-25 14:17:57', false, NULL, 1309.54, 23, 35903.56, 0.81, 5982.93, 288, 12, NULL, '55d08fc7-6ca7-43ea-8836-0f232fabd073'),
	(117, '13132', 'Chevrolet Equinox AWD', 41980.07, 1934.97, 2728.70, '2023-01-26 12:40:28', true, 1227.81, NULL, NULL, NULL, NULL, 5891.48, 192, 3, NULL, '64acbdd7-4d8f-4530-a390-cfd110ac6644'),
	(118, '13191', 'Jeep Cherokee 4WD Active Drive II', 43133.72, 1533.86, 2803.69, '2023-01-27 12:50:42', true, 1208.85, NULL, NULL, NULL, NULL, 5546.40, 174, 7, 124, '695bf799-f1aa-4d6e-992c-2c7377e23593'),
	(119, '13154', 'Hyundai Accent', 68349.68, 3307.44, 341.75, '2023-01-28 14:21:14', true, 843.25, NULL, NULL, NULL, NULL, 4492.44, 305, NULL, 108, '04a909da-8b60-4e55-8d35-ed14165b7dd9'),
	(120, '13227', 'Chevrolet G10/20 Van 2WD', 41837.75, 1616.14, 2719.45, '2023-01-30 12:45:50', true, 777.67, NULL, NULL, NULL, NULL, 5113.26, 85, 20, NULL, '55d08fc7-6ca7-43ea-8836-0f232fabd073'),
	(121, '13301', 'Toyota Van 2WD', 87089.97, 3308.66, 5660.85, '2023-01-31 10:35:06', false, NULL, 1867.97, 98, 82075.91, 0.94, 10837.48, 231, 20, 87, '454c6214-76ba-45d6-b685-414b605d12f1'),
	(122, '13083', 'Toyota Camry', 59514.12, 2120.24, 3868.42, '2023-01-31 14:21:14', false, NULL, 881.38, 109, 43058.62, 0.72, 6870.04, 66, 4, NULL, '55d08fc7-6ca7-43ea-8836-0f232fabd073'),
	(123, '13185', 'Volvo C30 FWD', 72424.34, 3152.19, 4707.58, '2023-02-01 10:40:08', false, NULL, 1856.91, 16, 57489.87, 0.79, 9716.68, 90, 25, 18, '55d08fc7-6ca7-43ea-8836-0f232fabd073'),
	(124, '13064', 'Mercedes-Benz CL500', 40517.06, 1278.73, 2633.61, '2023-02-04 08:33:07', true, 906.95, NULL, NULL, NULL, NULL, 4819.29, 148, 34, 85, 'd4af321e-76fa-41f9-b431-b5329aef060f'),
	(125, '13287', 'Dodge Grand Caravan', 85831.72, 3332.93, 5579.06, '2023-02-04 17:34:59', true, 1664.34, NULL, NULL, NULL, NULL, 10576.33, 419, 9, 92, '55d08fc7-6ca7-43ea-8836-0f232fabd073'),
	(126, '13298', 'Lotus Evora', 41042.38, 1237.53, 2667.75, '2023-02-06 15:17:30', false, NULL, 1133.41, 7, 40424.10, 0.98, 5038.69, 415, 38, 37, '55d08fc7-6ca7-43ea-8836-0f232fabd073'),
	(127, '13184', 'Hyundai Elantra', 60306.01, 2510.28, 3919.89, '2023-02-08 14:37:33', false, NULL, 1391.49, 72, 57943.61, 0.96, 7821.66, 376, 29, NULL, '64acbdd7-4d8f-4530-a390-cfd110ac6644'),
	(128, '13261', 'MINI Cooper S Paceman', 53734.58, 2056.59, 3492.75, '2023-02-08 17:33:12', true, 1110.65, NULL, NULL, NULL, NULL, 6659.99, 67, 36, 10, '695bf799-f1aa-4d6e-992c-2c7377e23593'),
	(129, '13073', 'Koenigsegg Agera RS', 60293.33, 2337.89, 3919.07, '2023-02-09 09:54:03', true, 1251.63, NULL, NULL, NULL, NULL, 7508.59, 253, 13, NULL, '64acbdd7-4d8f-4530-a390-cfd110ac6644'),
	(130, '13333', 'Nissan Altima', 37289.69, 1514.25, 2423.83, '2023-02-10 13:43:10', true, 613.73, NULL, NULL, NULL, NULL, 4551.81, 320, 44, NULL, '04a909da-8b60-4e55-8d35-ed14165b7dd9'),
	(131, '13175', 'Jeep Liberty 4WD', 60695.63, 2706.60, 3945.22, '2023-02-10 16:30:41', false, NULL, 745.52, 66, 47714.46, 0.79, 7397.34, 234, 8, NULL, '55d08fc7-6ca7-43ea-8836-0f232fabd073'),
	(132, '13102', 'Hyundai Sonata', 87286.64, 2915.55, 5673.63, '2023-02-10 17:00:23', true, 2518.43, NULL, NULL, NULL, NULL, 11107.61, 350, 36, NULL, 'fdca7ef1-11db-421f-b3fd-0d9444c31c1a'),
	(133, '13379', 'Kia Sorento 4WD', 52011.32, 2455.12, 3380.74, '2023-02-11 10:22:45', true, 632.53, NULL, NULL, NULL, NULL, 6468.39, 163, 5, 23, 'fdca7ef1-11db-421f-b3fd-0d9444c31c1a'),
	(134, '13464', 'Audi A4 Avant quattro', 43865.81, 1372.85, 2851.28, '2023-02-11 13:34:06', false, NULL, 636.20, 77, 39039.31, 0.89, 4860.33, 15, 29, NULL, 'fdca7ef1-11db-421f-b3fd-0d9444c31c1a'),
	(135, '13413', 'Toyota 4Runner 4WD', 54183.47, 2257.80, 3521.93, '2023-02-11 17:15:43', true, 641.68, NULL, NULL, NULL, NULL, 6421.41, 450, 19, NULL, 'fdca7ef1-11db-421f-b3fd-0d9444c31c1a'),
	(136, '13437', 'Hyundai Tucson AWD', 51486.20, 2520.89, 3346.60, '2023-02-12 08:22:22', true, 1184.69, NULL, NULL, NULL, NULL, 7052.18, 399, 43, NULL, '64acbdd7-4d8f-4530-a390-cfd110ac6644'),
	(137, '13323', 'Mercedes-Benz 300E 2.6', 35890.06, 1623.12, 179.45, '2023-02-13 08:12:44', true, 873.75, NULL, NULL, NULL, NULL, 2676.32, 107, NULL, NULL, '64acbdd7-4d8f-4530-a390-cfd110ac6644'),
	(138, '13271', 'Volvo XC90 T5 AWD', 34614.86, 1564.40, 2249.97, '2023-02-15 09:39:49', true, 358.94, NULL, NULL, NULL, NULL, 4173.31, 375, 12, NULL, '64acbdd7-4d8f-4530-a390-cfd110ac6644'),
	(139, '13125', 'Lexus NX 300 AWD', 70754.51, 2185.89, 4599.04, '2023-02-15 13:27:54', true, 1734.70, NULL, NULL, NULL, NULL, 8519.63, 471, 4, NULL, 'a9192724-e4e3-4e92-99c0-6c4302739d5f'),
	(140, '13296', 'GMC Sierra 1500 2WD', 27283.72, 1048.55, 1773.44, '2023-02-15 15:41:22', true, 598.31, NULL, NULL, NULL, NULL, 3420.30, 480, 27, NULL, '695bf799-f1aa-4d6e-992c-2c7377e23593'),
	(141, '13486', 'Dodge Stratus', 80091.28, 3374.42, 5205.93, '2023-02-16 08:37:14', true, 2279.26, NULL, NULL, NULL, NULL, 10859.61, 196, 17, NULL, '95f316fb-7a7b-4af7-bffb-b1fce97d4db3'),
	(142, '13149', 'Dodge Ram 1500 Pickup 4WD', 52456.98, 1610.52, 3409.70, '2023-02-17 15:27:09', false, NULL, 608.63, 73, 38749.02, 0.74, 5628.85, 93, 29, NULL, '04a909da-8b60-4e55-8d35-ed14165b7dd9'),
	(143, '13233', 'Nissan Murano FWD', 59527.08, 2348.19, 3869.26, '2023-02-18 10:50:44', false, NULL, 1625.92, 89, 48280.87, 0.81, 7843.37, 393, 23, NULL, '64acbdd7-4d8f-4530-a390-cfd110ac6644'),
	(144, '13430', 'BMW 540i', 40140.98, 1938.34, 2609.16, '2023-02-18 11:16:02', true, 577.89, NULL, NULL, NULL, NULL, 5125.39, 258, 42, NULL, '55d08fc7-6ca7-43ea-8836-0f232fabd073'),
	(145, '13026', 'Chevrolet Impala', 52938.00, 2359.50, 3440.97, '2023-02-19 13:22:36', false, NULL, 555.72, 111, 51399.61, 0.97, 6356.19, 211, 39, NULL, '454c6214-76ba-45d6-b685-414b605d12f1'),
	(146, '13002', 'Chevrolet TrailBlazer 2WD', 82553.66, 2858.77, 5365.99, '2023-02-21 10:27:46', true, 969.33, NULL, NULL, NULL, NULL, 9194.09, 6, 25, 141, '4ff2a2d7-09a1-4d26-81e1-55fcf9b0f49b'),
	(147, '13385', 'Nissan Frontier 4WD', 61056.08, 2300.07, 3968.65, '2023-02-21 12:59:45', false, NULL, 1497.17, 85, 43070.74, 0.71, 7765.89, 260, 31, 95, '55d08fc7-6ca7-43ea-8836-0f232fabd073'),
	(148, '13365', 'Toyota RAV4 AWD', 85054.75, 4077.97, 5528.56, '2023-02-22 08:41:27', false, NULL, 2276.92, 6, 78788.86, 0.93, 11883.45, 299, 28, 134, '55d08fc7-6ca7-43ea-8836-0f232fabd073'),
	(150, '13444', 'Kia Sportage FE FWD', 55155.42, 2501.94, 3585.10, '2023-02-25 15:15:52', true, 1088.71, NULL, NULL, NULL, NULL, 7175.75, 261, 20, NULL, '64acbdd7-4d8f-4530-a390-cfd110ac6644'),
	(151, '13167', 'Mercedes-Benz AMG GLC63 4matic', 28123.21, 1107.15, 1828.01, '2023-02-26 09:02:46', true, 664.85, NULL, NULL, NULL, NULL, 3600.01, 108, 18, NULL, 'fdca7ef1-11db-421f-b3fd-0d9444c31c1a'),
	(152, '13468', 'Ford Mustang Mach-E GT', 65114.50, 3216.68, 4232.44, '2023-02-26 11:05:25', false, NULL, 999.29, 118, 56682.02, 0.87, 8448.41, 209, 5, 162, '95f316fb-7a7b-4af7-bffb-b1fce97d4db3'),
	(154, '13140', 'Rolls-Royce Camargue', 82454.66, 2756.75, 5359.55, '2023-02-28 10:07:40', false, NULL, 2226.58, 37, 67519.18, 0.82, 10342.88, 179, 1, NULL, '04a909da-8b60-4e55-8d35-ed14165b7dd9'),
	(155, '13441', 'Cadillac Catera', 79996.88, 2836.41, 5199.80, '2023-02-28 12:28:48', true, 1786.18, NULL, NULL, NULL, NULL, 9822.39, 60, 18, NULL, '454c6214-76ba-45d6-b685-414b605d12f1'),
	(156, '13428', 'Isuzu Ascender 7-passenger 4WD', 48991.00, 2148.14, 3184.41, '2023-02-28 17:15:13', false, NULL, 1001.07, 86, 46916.19, 0.96, 6333.62, 380, 16, NULL, '695bf799-f1aa-4d6e-992c-2c7377e23593'),
	(157, '13465', 'Chevrolet Suburban 1500 2WD', 52198.80, 2323.80, 3392.92, '2023-03-01 14:12:48', true, 1065.86, NULL, NULL, NULL, NULL, 6782.58, 272, 31, NULL, '55d08fc7-6ca7-43ea-8836-0f232fabd073'),
	(158, '13398', 'Chevrolet HHR FWD', 78415.80, 2810.58, 5097.03, '2023-03-02 10:21:04', true, 2272.58, NULL, NULL, NULL, NULL, 10180.19, 33, 10, NULL, '64acbdd7-4d8f-4530-a390-cfd110ac6644'),
	(159, '13210', 'Suzuki SA310', 61936.12, 2597.75, 4025.85, '2023-03-02 17:19:29', false, NULL, 1410.01, 85, 49703.75, 0.80, 8033.61, 11, 22, NULL, '64acbdd7-4d8f-4530-a390-cfd110ac6644'),
	(149, '13331', 'Ferrari 488 Spider', 75618.61, 3474.60, 4915.21, '2023-02-23 10:03:50', false, NULL, 1198.12, 117, 59121.76, 0.78, 9587.93, 240, 4, NULL, '64acbdd7-4d8f-4530-a390-cfd110ac6644'),
	(160, '13017', 'Dodge Omni', 27639.38, 1174.76, 1796.56, '2023-03-03 10:52:48', true, 701.37, NULL, NULL, NULL, NULL, 3672.69, 152, 42, 53, 'a9192724-e4e3-4e92-99c0-6c4302739d5f'),
	(161, '13288', 'Mercedes-Benz E550', 51905.94, 1565.62, 3373.89, '2023-03-04 09:38:19', false, NULL, 1454.76, 30, 48246.13, 0.93, 6394.27, 57, 35, NULL, '4ff2a2d7-09a1-4d26-81e1-55fcf9b0f49b'),
	(162, '13214', 'Kia K900', 35996.60, 1192.86, 2339.78, '2023-03-05 14:34:32', true, 840.40, NULL, NULL, NULL, NULL, 4373.04, 401, 40, NULL, '454c6214-76ba-45d6-b685-414b605d12f1'),
	(163, '13118', 'Lexus NX 200t AWD', 42265.34, 1788.36, 2747.25, '2023-03-05 15:09:17', false, NULL, 578.75, 88, 38373.17, 0.91, 5114.36, 47, 41, NULL, '95f316fb-7a7b-4af7-bffb-b1fce97d4db3'),
	(164, '13029', 'Audi S4', 79443.92, 3048.84, 5163.85, '2023-03-06 10:06:05', false, NULL, 2113.41, 40, 60927.48, 0.77, 10326.10, 137, 20, NULL, '55d08fc7-6ca7-43ea-8836-0f232fabd073'),
	(165, '13394', 'Ford F250 Pickup 4WD', 87947.02, 3712.30, 5716.56, '2023-03-06 13:17:32', true, 2550.27, NULL, NULL, NULL, NULL, 11979.13, 108, 34, NULL, '55d08fc7-6ca7-43ea-8836-0f232fabd073'),
	(166, '13322', 'Jeep CJ7', 36472.31, 1670.46, 2370.70, '2023-03-06 15:05:11', true, 484.74, NULL, NULL, NULL, NULL, 4525.90, 413, 44, NULL, '95f316fb-7a7b-4af7-bffb-b1fce97d4db3'),
	(167, '13407', 'GMC Vandura G35 2WD (cargo)', 38738.51, 1218.68, 2518.00, '2023-03-06 17:32:54', true, 901.72, NULL, NULL, NULL, NULL, 4638.40, 128, 19, NULL, '454c6214-76ba-45d6-b685-414b605d12f1'),
	(168, '13133', 'BMW M3 Coupe', 78484.69, 3080.45, 5101.50, '2023-03-07 10:32:30', false, NULL, 1682.17, 93, 60351.73, 0.77, 9864.12, 293, 20, 129, '64acbdd7-4d8f-4530-a390-cfd110ac6644'),
	(169, '13440', 'Toyota Avalon', 67982.17, 2603.12, 4418.84, '2023-03-07 15:42:28', false, NULL, 1882.18, 75, 59299.50, 0.87, 8904.14, 283, 13, NULL, '64acbdd7-4d8f-4530-a390-cfd110ac6644'),
	(170, '13115', 'Mazda 323 Protege 4x4', 49492.19, 2022.24, 3216.99, '2023-03-08 08:36:23', false, NULL, 588.71, 9, 40850.80, 0.83, 5827.94, 170, 43, NULL, '64acbdd7-4d8f-4530-a390-cfd110ac6644'),
	(171, '13090', 'Saab 9-3 Aero Sedan AWD', 28459.20, 873.85, 1849.85, '2023-03-08 14:40:03', false, NULL, 391.28, 9, 26702.19, 0.94, 3114.98, 37, 22, NULL, '4ff2a2d7-09a1-4d26-81e1-55fcf9b0f49b'),
	(172, '13310', 'Ford Mustang Performance Package', 44974.63, 1962.65, 2923.35, '2023-03-09 10:03:54', true, 795.14, NULL, NULL, NULL, NULL, 5681.14, 330, 7, 148, '55d08fc7-6ca7-43ea-8836-0f232fabd073'),
	(173, '13286', 'Ford Taurus X AWD', 68551.91, 2670.67, 4455.87, '2023-03-09 15:56:42', false, NULL, 1552.33, 84, 64903.83, 0.95, 8678.87, 41, 3, NULL, 'a9192724-e4e3-4e92-99c0-6c4302739d5f'),
	(174, '13435', 'Chrysler Concorde', 78724.71, 2542.75, 5117.11, '2023-03-10 09:13:00', true, 835.97, NULL, NULL, NULL, NULL, 8495.83, 202, 33, 32, '454c6214-76ba-45d6-b685-414b605d12f1'),
	(175, '13294', 'Honda Odyssey', 29437.99, 1428.94, 1913.47, '2023-03-10 12:27:58', true, 339.70, NULL, NULL, NULL, NULL, 3682.11, 269, 27, 12, 'a9192724-e4e3-4e92-99c0-6c4302739d5f'),
	(176, '13119', 'Ford F250', 41914.60, 2070.21, 2724.45, '2023-03-11 15:15:44', true, 1033.68, NULL, NULL, NULL, NULL, 5828.34, 260, 29, NULL, '95f316fb-7a7b-4af7-bffb-b1fce97d4db3'),
	(177, '13229', 'Dodge Dakota Pickup 2WD', 60523.90, 1878.88, 3934.05, '2023-03-12 14:26:00', true, 645.58, NULL, NULL, NULL, NULL, 6458.51, 206, 10, 153, '55d08fc7-6ca7-43ea-8836-0f232fabd073'),
	(178, '13251', 'Chevrolet Tahoe Hybrid 2WD', 42988.14, 1978.28, 2794.23, '2023-03-13 13:02:08', true, 834.39, NULL, NULL, NULL, NULL, 5606.90, 417, 34, 100, '04a909da-8b60-4e55-8d35-ed14165b7dd9'),
	(179, '13418', 'Chevrolet Silverado 1500 2WD', 80705.92, 3805.19, 5245.88, '2023-03-14 14:31:01', true, 1285.36, NULL, NULL, NULL, NULL, 10336.43, 386, 44, NULL, '55d08fc7-6ca7-43ea-8836-0f232fabd073'),
	(180, '13488', 'Pontiac Grand Prix', 59243.28, 2463.87, 3850.81, '2023-03-15 12:44:55', true, 1702.22, NULL, NULL, NULL, NULL, 8016.90, 326, 36, NULL, '4ff2a2d7-09a1-4d26-81e1-55fcf9b0f49b'),
	(181, '13303', 'Ford F150 Pickup 2WD', 88524.01, 3782.80, 5754.06, '2023-03-15 12:55:27', false, NULL, 2262.95, 11, 85348.86, 0.96, 11799.81, 130, 35, NULL, '695bf799-f1aa-4d6e-992c-2c7377e23593'),
	(182, '13226', 'Audi A3 quattro', 45970.42, 2079.22, 2988.08, '2023-03-15 13:21:55', false, NULL, 486.68, 19, 43956.86, 0.96, 5553.98, 153, 7, NULL, '55d08fc7-6ca7-43ea-8836-0f232fabd073'),
	(183, '13375', 'Plymouth Voyager/Grand Voyager 2WD', 79827.22, 3460.61, 5188.77, '2023-03-15 17:57:34', true, 2075.38, NULL, NULL, NULL, NULL, 10724.76, 86, 42, NULL, '55d08fc7-6ca7-43ea-8836-0f232fabd073'),
	(184, '13111', 'Ford Mustang Mach-E RWD Extended', 49798.57, 2110.05, 3236.91, '2023-03-16 13:05:49', false, NULL, 592.47, 96, 35227.32, 0.71, 5939.43, 65, 38, NULL, '4ff2a2d7-09a1-4d26-81e1-55fcf9b0f49b'),
	(185, '13293', 'Chevrolet Coachbuilder Wagon', 39260.93, 1211.73, 2551.96, '2023-03-17 17:03:09', true, 475.53, NULL, NULL, NULL, NULL, 4239.22, 330, 14, 2, '55d08fc7-6ca7-43ea-8836-0f232fabd073'),
	(186, '13050', 'Dodge Lancer', 66354.32, 2380.96, 4313.03, '2023-03-18 08:16:54', false, NULL, 1575.97, 80, 51820.40, 0.78, 8269.96, 186, 11, NULL, '454c6214-76ba-45d6-b685-414b605d12f1'),
	(187, '13085', 'Mercedes-Benz Metris (Passenger Van)', 54079.87, 1931.99, 270.40, '2023-03-19 15:19:47', true, 1018.50, NULL, NULL, NULL, NULL, 3220.89, 256, NULL, 43, '95f316fb-7a7b-4af7-bffb-b1fce97d4db3'),
	(188, '13011', 'Porsche 911 Carrera GTS Cabriolet', 45660.98, 1451.39, 2967.96, '2023-03-20 09:42:44', true, 917.31, NULL, NULL, NULL, NULL, 5336.66, 435, 8, NULL, '64acbdd7-4d8f-4530-a390-cfd110ac6644'),
	(189, '13034', 'Hyundai Elantra', 82456.06, 3563.96, 5359.64, '2023-03-20 10:57:00', true, 1654.13, NULL, NULL, NULL, NULL, 10577.73, 79, 20, NULL, '4ff2a2d7-09a1-4d26-81e1-55fcf9b0f49b'),
	(190, '13012', 'Porsche 911 Turbo S Coupe', 42451.82, 1350.84, 2759.37, '2023-03-21 10:07:51', true, 427.27, NULL, NULL, NULL, NULL, 4537.48, 86, 28, NULL, '695bf799-f1aa-4d6e-992c-2c7377e23593'),
	(191, '13057', 'Subaru Legacy Wagon AWD', 28229.71, 872.12, 1834.93, '2023-03-21 11:14:41', true, 846.47, NULL, NULL, NULL, NULL, 3553.52, 56, 31, NULL, 'd4af321e-76fa-41f9-b431-b5329aef060f'),
	(192, '13400', 'Toyota 1-Ton Truck 2WD', 45761.41, 1568.16, 2974.49, '2023-03-21 11:58:55', true, 766.45, NULL, NULL, NULL, NULL, 5309.10, 123, 28, NULL, '695bf799-f1aa-4d6e-992c-2c7377e23593'),
	(193, '13280', 'Chevrolet Camaro', 28528.80, 1056.33, 1854.37, '2023-03-21 13:55:45', true, 778.13, NULL, NULL, NULL, NULL, 3688.83, 369, 16, 154, '95f316fb-7a7b-4af7-bffb-b1fce97d4db3'),
	(194, '13130', 'Hyundai Sonata', 50804.24, 2230.28, 3302.28, '2023-03-21 16:22:55', false, NULL, 1246.73, 92, 38849.55, 0.76, 6779.29, 472, 32, NULL, 'd4af321e-76fa-41f9-b431-b5329aef060f'),
	(195, '13449', 'Dodge Stealth', 66546.14, 2117.83, 4325.50, '2023-03-21 16:46:52', true, 797.44, NULL, NULL, NULL, NULL, 7240.77, 394, 16, NULL, '695bf799-f1aa-4d6e-992c-2c7377e23593'),
	(196, '13358', 'Volkswagen Jetta III', 46244.48, 1464.94, 3005.89, '2023-03-21 17:25:31', true, 1292.78, NULL, NULL, NULL, NULL, 5763.61, 457, 4, NULL, '95f316fb-7a7b-4af7-bffb-b1fce97d4db3'),
	(197, '13403', 'GMC Sierra 2WD', 80161.88, 3398.42, 5210.52, '2023-03-22 17:25:45', true, 1184.71, NULL, NULL, NULL, NULL, 9793.65, 122, 12, 19, '55d08fc7-6ca7-43ea-8836-0f232fabd073'),
	(198, '13235', 'Acura TSX', 72750.27, 3391.86, 4728.77, '2023-03-23 15:18:54', false, NULL, 1768.86, 68, 52364.07, 0.72, 9889.49, 428, 8, NULL, 'fdca7ef1-11db-421f-b3fd-0d9444c31c1a'),
	(199, '13216', 'Buick Century', 74936.14, 2875.37, 4870.85, '2023-03-23 17:05:04', true, 753.93, NULL, NULL, NULL, NULL, 8500.15, 209, 25, 140, '4ff2a2d7-09a1-4d26-81e1-55fcf9b0f49b'),
	(200, '13199', 'Mazda CX-9 4WD', 35370.99, 1286.91, 2299.11, '2023-03-24 12:34:03', false, NULL, 811.27, 21, 26888.43, 0.76, 4397.29, 250, 5, NULL, 'fdca7ef1-11db-421f-b3fd-0d9444c31c1a'),
	(201, '13442', 'Mercedes-Benz C280', 28842.00, 950.11, 1874.73, '2023-03-27 11:38:56', false, NULL, 665.84, 73, 25297.37, 0.88, 3490.68, 403, 15, 13, '695bf799-f1aa-4d6e-992c-2c7377e23593'),
	(202, '13460', 'Mercury Tracer', 64140.58, 2395.33, 4169.14, '2023-03-27 14:33:10', true, 797.31, NULL, NULL, NULL, NULL, 7361.78, 202, 33, NULL, '454c6214-76ba-45d6-b685-414b605d12f1'),
	(203, '13257', 'Porsche Macan T', 53554.81, 2100.30, 3481.06, '2023-03-29 15:09:54', false, NULL, 1334.64, 3, 47076.78, 0.88, 6916.00, 353, 41, NULL, '454c6214-76ba-45d6-b685-414b605d12f1'),
	(204, '13108', 'Pontiac Grand Prix', 51079.55, 2224.61, 3320.17, '2023-03-29 17:49:36', false, NULL, 1201.52, 69, 46667.04, 0.91, 6746.30, 330, 5, 126, '55d08fc7-6ca7-43ea-8836-0f232fabd073'),
	(205, '13116', 'Mitsubishi Endeavor 4WD', 40456.10, 1553.24, 2629.65, '2023-03-30 11:31:00', true, 1143.10, NULL, NULL, NULL, NULL, 5325.99, 485, 41, 112, 'fdca7ef1-11db-421f-b3fd-0d9444c31c1a'),
	(206, '13225', 'BMW X6 M', 39505.56, 1388.99, 2567.86, '2023-03-31 11:33:52', true, 421.21, NULL, NULL, NULL, NULL, 4378.06, 143, 18, 1, '55d08fc7-6ca7-43ea-8836-0f232fabd073'),
	(207, '13433', 'Plymouth Sundance', 50752.52, 1955.99, 3298.91, '2023-04-04 12:02:05', true, 1501.25, NULL, NULL, NULL, NULL, 6756.15, 74, 44, NULL, '454c6214-76ba-45d6-b685-414b605d12f1'),
	(208, '13436', 'Porsche 911 Carrera S Cabriolet', 28975.82, 1028.63, 1883.43, '2023-04-04 12:48:05', false, NULL, 844.30, 2, 24889.38, 0.86, 3756.36, 153, 27, NULL, '55d08fc7-6ca7-43ea-8836-0f232fabd073'),
	(209, '13392', 'Hyundai Scoupe', 50471.12, 2386.98, 3280.62, '2023-04-05 11:10:06', true, 641.49, NULL, NULL, NULL, NULL, 6309.09, 142, 3, 82, '95f316fb-7a7b-4af7-bffb-b1fce97d4db3'),
	(210, '13451', 'Infiniti Q60 AWD', 45592.66, 1446.54, 2963.52, '2023-04-07 10:58:52', false, NULL, 737.92, 109, 44447.83, 0.97, 5147.98, 265, 8, NULL, '695bf799-f1aa-4d6e-992c-2c7377e23593'),
	(211, '13325', 'BMW X6 xDrive35i', 40311.43, 1802.43, 2620.24, '2023-04-07 13:23:06', false, NULL, 804.37, 114, 33415.55, 0.83, 5227.04, 473, 18, NULL, '454c6214-76ba-45d6-b685-414b605d12f1'),
	(212, '13173', 'Chevrolet Celebrity', 67307.20, 2332.77, 4374.97, '2023-04-09 08:41:17', true, 1961.25, NULL, NULL, NULL, NULL, 8668.99, 215, 22, NULL, 'd4af321e-76fa-41f9-b431-b5329aef060f'),
	(213, '13076', 'Ford F150 Pickup 4WD FFV', 33333.85, 1615.57, 2166.70, '2023-04-10 09:22:16', true, 708.95, NULL, NULL, NULL, NULL, 4491.22, 196, 35, 39, '695bf799-f1aa-4d6e-992c-2c7377e23593'),
	(214, '13389', 'Ford F250 Pickup 2WD', 84848.37, 3313.08, 5515.14, '2023-04-11 08:41:08', true, 1340.07, NULL, NULL, NULL, NULL, 10168.29, 160, 6, 26, 'a9192724-e4e3-4e92-99c0-6c4302739d5f'),
	(215, '13245', 'Cadillac XT5', 67284.63, 2449.83, 4373.50, '2023-04-12 08:34:01', false, NULL, 682.05, 2, 58718.45, 0.87, 7505.38, 269, 15, 77, 'fdca7ef1-11db-421f-b3fd-0d9444c31c1a'),
	(216, '13265', 'Ford F150 Pickup 4WD', 57861.17, 2072.47, 3760.98, '2023-04-12 10:27:18', false, NULL, 1555.99, 114, 57647.84, 1.00, 7389.44, 237, 38, NULL, '55d08fc7-6ca7-43ea-8836-0f232fabd073'),
	(217, '13232', 'BMW M3', 43905.90, 1385.13, 2853.88, '2023-04-12 12:22:30', false, NULL, 594.45, 34, 42859.51, 0.98, 4833.46, 172, 19, NULL, 'd4af321e-76fa-41f9-b431-b5329aef060f'),
	(218, '13152', 'Isuzu Trooper', 46929.17, 1910.40, 3050.40, '2023-04-12 13:15:06', false, NULL, 875.20, 46, 36180.66, 0.77, 5836.00, 270, 14, NULL, '695bf799-f1aa-4d6e-992c-2c7377e23593'),
	(219, '13217', 'Honda Civic', 33923.91, 1521.00, 2205.05, '2023-04-13 12:56:57', true, 517.00, NULL, NULL, NULL, NULL, 4243.05, 384, 29, NULL, '95f316fb-7a7b-4af7-bffb-b1fce97d4db3'),
	(220, '13397', 'Suzuki Esteem', 86068.60, 3584.01, 5594.46, '2023-04-13 15:37:55', true, 1530.30, NULL, NULL, NULL, NULL, 10708.77, 131, 38, NULL, 'a9192724-e4e3-4e92-99c0-6c4302739d5f'),
	(221, '13355', 'Chevrolet HHR Panel FWD', 34222.10, 1677.29, 2224.44, '2023-04-18 08:20:44', true, 1004.86, NULL, NULL, NULL, NULL, 4906.59, 327, 23, NULL, 'a9192724-e4e3-4e92-99c0-6c4302739d5f'),
	(222, '13148', 'Dodge Dakota Pickup 2WD', 63691.80, 2203.55, 4139.97, '2023-04-18 13:55:54', true, 1671.99, NULL, NULL, NULL, NULL, 8015.51, 3, 32, 163, '55d08fc7-6ca7-43ea-8836-0f232fabd073'),
	(223, '13096', 'Cadillac CTS', 36729.93, 1622.17, 2387.45, '2023-04-19 10:15:37', false, NULL, 802.68, 108, 30058.57, 0.82, 4812.30, 402, 6, NULL, '695bf799-f1aa-4d6e-992c-2c7377e23593'),
	(224, '13463', 'Ram 1500 Classic 4WD', 85444.82, 2735.39, 5553.91, '2023-04-19 11:17:57', true, 1498.23, NULL, NULL, NULL, NULL, 9787.53, 186, 32, 155, 'fdca7ef1-11db-421f-b3fd-0d9444c31c1a'),
	(225, '13081', 'GMC Savana 1500/2500 2WD (cargo)', 54568.10, 2551.59, 3546.93, '2023-04-19 13:39:35', true, 1169.88, NULL, NULL, NULL, NULL, 7268.40, 251, 15, 89, '04a909da-8b60-4e55-8d35-ed14165b7dd9'),
	(226, '13046', 'Ford E150 Club Wagon', 32904.82, 1445.71, 2138.81, '2023-04-19 17:37:45', true, 625.79, NULL, NULL, NULL, NULL, 4210.31, 19, 32, NULL, '64acbdd7-4d8f-4530-a390-cfd110ac6644'),
	(227, '13354', 'Isuzu Amigo 2WD', 70480.58, 2369.65, 4581.24, '2023-04-21 10:18:41', false, NULL, 1952.94, 84, 64922.43, 0.92, 8903.83, 328, 44, 157, '04a909da-8b60-4e55-8d35-ed14165b7dd9'),
	(228, '13200', 'BMW 128ci Convertible', 74248.12, 3030.34, 4826.13, '2023-04-22 08:23:20', false, NULL, 2106.66, 42, 69419.05, 0.93, 9963.13, 1, 13, NULL, 'fdca7ef1-11db-421f-b3fd-0d9444c31c1a'),
	(229, '13399', 'Mazda 3', 47896.35, 1775.97, 3113.26, '2023-04-22 09:43:56', true, 1126.54, NULL, NULL, NULL, NULL, 6015.77, 420, 22, NULL, 'fdca7ef1-11db-421f-b3fd-0d9444c31c1a'),
	(230, '13176', 'Ford Taurus Wagon', 73864.09, 3624.55, 4801.17, '2023-04-22 13:25:46', true, 1362.59, NULL, NULL, NULL, NULL, 9788.31, 7, 29, 8, '55d08fc7-6ca7-43ea-8836-0f232fabd073'),
	(231, '13052', 'Mercedes-Benz ML350 4matic', 31406.61, 1067.55, 2041.43, '2023-04-22 13:59:13', true, 733.32, NULL, NULL, NULL, NULL, 3842.30, 433, 21, NULL, '695bf799-f1aa-4d6e-992c-2c7377e23593'),
	(232, '13269', 'Plymouth Horizon', 83339.71, 2862.49, 5417.08, '2023-04-22 16:58:37', true, 893.98, NULL, NULL, NULL, NULL, 9173.55, 216, 38, 74, '55d08fc7-6ca7-43ea-8836-0f232fabd073'),
	(233, '13027', 'Kenyon Corporation Of America Kenyon 5.0 Coupe', 31253.23, 1029.84, 2031.46, '2023-04-24 16:58:01', true, 748.09, NULL, NULL, NULL, NULL, 3809.39, 438, 26, NULL, 'fdca7ef1-11db-421f-b3fd-0d9444c31c1a'),
	(234, '13211', 'BMW 330ci Convertible', 32557.44, 1592.24, 2116.23, '2023-04-25 12:37:39', false, NULL, 504.64, 52, 24664.53, 0.76, 4213.11, 336, 38, 93, 'a9192724-e4e3-4e92-99c0-6c4302739d5f'),
	(235, '13182', 'Oldsmobile Ciera SL Wagon', 76486.93, 3558.77, 4971.65, '2023-04-25 17:31:47', false, NULL, 1896.24, 74, 62138.81, 0.81, 10426.66, 229, 41, NULL, 'a9192724-e4e3-4e92-99c0-6c4302739d5f'),
	(236, '13462', 'Honda Prelude', 45309.99, 1763.29, 2945.15, '2023-04-27 09:10:54', true, 1309.43, NULL, NULL, NULL, NULL, 6017.87, 103, 26, NULL, '454c6214-76ba-45d6-b685-414b605d12f1'),
	(237, '13378', 'GMC Sierra 1500 2WD', 29929.50, 1242.17, 1945.42, '2023-04-27 13:16:07', true, 622.03, NULL, NULL, NULL, NULL, 3809.62, 198, 11, NULL, '695bf799-f1aa-4d6e-992c-2c7377e23593'),
	(238, '13202', 'Chevrolet Colorado 2WD', 53073.56, 1972.53, 3449.78, '2023-04-28 12:06:44', true, 1576.08, NULL, NULL, NULL, NULL, 6998.39, 7, 19, NULL, '95f316fb-7a7b-4af7-bffb-b1fce97d4db3'),
	(239, '13494', 'Infiniti Q70', 51111.49, 1673.33, 3322.25, '2023-04-28 17:35:32', true, 564.75, NULL, NULL, NULL, NULL, 5560.33, 106, 40, NULL, '695bf799-f1aa-4d6e-992c-2c7377e23593'),
	(240, '13181', 'Volvo S60 AWD', 31676.27, 1464.07, 2058.96, '2023-04-29 17:56:14', true, 543.56, NULL, NULL, NULL, NULL, 4066.59, 342, 8, NULL, 'a9192724-e4e3-4e92-99c0-6c4302739d5f'),
	(241, '13080', 'Isuzu Pickup 4WD', 28294.93, 930.88, 1839.17, '2023-05-01 08:07:12', false, NULL, 808.64, 56, 25765.79, 0.91, 3578.69, 269, 5, 114, 'd4af321e-76fa-41f9-b431-b5329aef060f'),
	(242, '13121', 'BMW 440i xDrive Coupe', 70899.71, 3532.75, 4608.48, '2023-05-01 15:43:33', true, 845.76, NULL, NULL, NULL, NULL, 8986.99, 267, 19, NULL, '4ff2a2d7-09a1-4d26-81e1-55fcf9b0f49b'),
	(243, '13356', 'Mitsubishi Montero Sport 4WD', 34428.20, 1212.06, 2237.83, '2023-05-03 16:22:43', false, NULL, 703.60, 66, 24231.06, 0.70, 4153.49, 37, 31, NULL, '4ff2a2d7-09a1-4d26-81e1-55fcf9b0f49b'),
	(244, '13371', 'GMC R25 Pickup 2WD', 32927.40, 1459.95, 2140.28, '2023-05-03 16:53:28', false, NULL, 887.50, 118, 31307.51, 0.95, 4487.73, 102, 20, NULL, '55d08fc7-6ca7-43ea-8836-0f232fabd073'),
	(245, '13419', 'Porsche Cayenne GTS Coupe', 76992.80, 2330.34, 5004.53, '2023-05-03 17:44:00', false, NULL, 780.08, 37, 58021.88, 0.75, 8114.95, 64, 41, NULL, '55d08fc7-6ca7-43ea-8836-0f232fabd073'),
	(246, '13339', 'Mercedes-Benz C350 4matic', 45287.80, 1473.67, 2943.71, '2023-05-04 08:34:25', true, 1314.20, NULL, NULL, NULL, NULL, 5731.58, 11, 11, 16, '55d08fc7-6ca7-43ea-8836-0f232fabd073'),
	(247, '13075', 'Toyota Corolla FX', 72270.45, 3130.86, 4697.58, '2023-05-04 12:48:10', false, NULL, 985.65, 73, 54159.95, 0.75, 8814.09, 453, 5, NULL, '4ff2a2d7-09a1-4d26-81e1-55fcf9b0f49b'),
	(248, '13117', 'Mercedes-Benz GL550 4matic', 44268.93, 1473.14, 2877.48, '2023-05-05 09:50:40', true, 607.17, NULL, NULL, NULL, NULL, 4957.79, 388, 1, NULL, 'd4af321e-76fa-41f9-b431-b5329aef060f'),
	(249, '13404', 'Ford LTD Crown Victoria', 55042.64, 2738.34, 3577.77, '2023-05-05 15:48:14', false, NULL, 881.55, 32, 45207.78, 0.82, 7197.66, 93, 4, 25, '04a909da-8b60-4e55-8d35-ed14165b7dd9'),
	(250, '13144', 'Ford Windstar FWD Wagon', 71577.35, 2779.26, 4652.53, '2023-05-06 08:42:46', false, NULL, 1047.28, 97, 65169.53, 0.91, 8479.07, 168, 8, NULL, '55d08fc7-6ca7-43ea-8836-0f232fabd073'),
	(251, '13091', 'Toyota Paseo', 57456.92, 2791.66, 3734.70, '2023-05-06 13:55:36', false, NULL, 692.91, 99, 48407.34, 0.84, 7219.27, 480, 17, 22, 'd4af321e-76fa-41f9-b431-b5329aef060f'),
	(252, '13412', 'Chevrolet Camaro', 78114.91, 2448.38, 5077.47, '2023-05-06 15:08:46', true, 2062.60, NULL, NULL, NULL, NULL, 9588.45, 133, 13, 123, 'd4af321e-76fa-41f9-b431-b5329aef060f'),
	(253, '13047', 'BMW 335ci', 62894.94, 3062.66, 4088.17, '2023-05-07 08:25:30', false, NULL, 1859.43, 15, 44686.29, 0.71, 9010.26, 311, 29, NULL, 'd4af321e-76fa-41f9-b431-b5329aef060f'),
	(254, '13124', 'GMC Sierra 1500 2WD', 41507.16, 1345.96, 2697.97, '2023-05-08 12:12:20', true, 1000.42, NULL, NULL, NULL, NULL, 5044.35, 255, 5, NULL, 'd4af321e-76fa-41f9-b431-b5329aef060f'),
	(255, '13019', 'Dodge Colt', 34745.01, 1241.37, 2258.43, '2023-05-08 13:21:09', true, 638.21, NULL, NULL, NULL, NULL, 4138.01, 378, 35, NULL, '4ff2a2d7-09a1-4d26-81e1-55fcf9b0f49b'),
	(256, '13439', 'Toyota Truck 4WD/T100 4WD', 69594.47, 3082.27, 4523.64, '2023-05-09 08:30:20', false, NULL, 1584.96, 110, 56466.10, 0.81, 9190.87, 428, 15, 120, '695bf799-f1aa-4d6e-992c-2c7377e23593'),
	(257, '13492', 'Toyota Highlander LE/XLE/SE/LTD', 86746.19, 3889.58, 433.73, '2023-05-09 15:35:49', true, 2048.58, NULL, NULL, NULL, NULL, 6371.89, 167, NULL, 20, '95f316fb-7a7b-4af7-bffb-b1fce97d4db3'),
	(258, '13054', 'Nissan 300ZX 2x2', 82814.32, 3666.18, 5382.93, '2023-05-09 16:15:08', true, 853.06, NULL, NULL, NULL, NULL, 9902.17, 132, 42, 111, '64acbdd7-4d8f-4530-a390-cfd110ac6644'),
	(259, '13110', 'Eagle Talon', 73593.87, 3187.25, 4783.60, '2023-05-10 08:23:35', false, NULL, 840.67, 18, 57489.75, 0.78, 8811.52, 399, 27, NULL, '695bf799-f1aa-4d6e-992c-2c7377e23593'),
	(260, '13101', 'Mitsubishi Montero', 82189.54, 3398.28, 5342.32, '2023-05-12 10:27:22', true, 1401.14, NULL, NULL, NULL, NULL, 10141.74, 411, 9, NULL, '04a909da-8b60-4e55-8d35-ed14165b7dd9'),
	(261, '13158', 'Plymouth Colt Vista 4WD', 48808.46, 1621.25, 3172.55, '2023-05-12 16:34:37', false, NULL, 729.41, 13, 45057.19, 0.92, 5523.21, 109, 26, NULL, 'd4af321e-76fa-41f9-b431-b5329aef060f'),
	(262, '13450', 'Audi S4', 74473.27, 3614.70, 4840.76, '2023-05-12 16:45:49', true, 1584.92, NULL, NULL, NULL, NULL, 10040.38, 287, 11, NULL, '64acbdd7-4d8f-4530-a390-cfd110ac6644'),
	(263, '13172', 'Toyota Matrix', 58834.70, 2301.81, 294.17, '2023-05-12 16:48:11', true, 1293.26, NULL, NULL, NULL, NULL, 3889.24, 321, NULL, NULL, '04a909da-8b60-4e55-8d35-ed14165b7dd9'),
	(264, '13420', 'Acura MDX 4WD', 37727.60, 1779.76, 2452.29, '2023-05-14 12:04:38', true, 1062.69, NULL, NULL, NULL, NULL, 5294.74, 438, 5, NULL, '55d08fc7-6ca7-43ea-8836-0f232fabd073'),
	(265, '13326', 'Eagle Talon', 66236.37, 2222.38, 4305.36, '2023-05-14 16:03:45', true, 1864.88, NULL, NULL, NULL, NULL, 8392.62, 456, 44, 58, '04a909da-8b60-4e55-8d35-ed14165b7dd9'),
	(266, '13137', 'Mazda GLC', 75700.31, 2655.69, 4920.52, '2023-05-15 15:44:31', true, 864.01, NULL, NULL, NULL, NULL, 8440.22, 144, 18, NULL, '55d08fc7-6ca7-43ea-8836-0f232fabd073'),
	(267, '13196', 'Chevrolet Silverado Mud Terrain Tires 4WD', 37090.11, 1470.06, 2410.86, '2023-05-16 11:09:26', true, 683.63, NULL, NULL, NULL, NULL, 4564.55, 203, 24, 63, 'd4af321e-76fa-41f9-b431-b5329aef060f'),
	(268, '13490', 'Kia Sportage 4WD', 52545.00, 1683.25, 3415.43, '2023-05-16 12:18:20', false, NULL, 1506.19, 65, 37081.40, 0.71, 6604.87, 467, 8, NULL, 'd4af321e-76fa-41f9-b431-b5329aef060f'),
	(269, '13168', 'Cadillac Escalade AWD', 80506.61, 3918.81, 5232.93, '2023-05-16 12:57:58', false, NULL, 945.33, 93, 63882.99, 0.79, 10097.07, 45, 40, NULL, '04a909da-8b60-4e55-8d35-ed14165b7dd9'),
	(270, '13146', 'Mercury Marquis', 81880.74, 2538.52, 5322.25, '2023-05-16 17:23:34', true, 1069.77, NULL, NULL, NULL, NULL, 8930.54, 185, 12, 68, 'd4af321e-76fa-41f9-b431-b5329aef060f'),
	(271, '13190', 'Volkswagen Arteon 4motion', 39134.90, 1787.50, 2543.77, '2023-05-18 09:17:37', false, NULL, 433.84, 31, 37631.49, 0.96, 4765.11, 412, 5, NULL, '04a909da-8b60-4e55-8d35-ed14165b7dd9'),
	(272, '13387', 'Mercedes-Benz SLR', 71599.45, 3079.51, 4653.96, '2023-05-18 12:09:40', false, NULL, 1193.57, 95, 63342.86, 0.88, 8927.04, 191, 14, NULL, '454c6214-76ba-45d6-b685-414b605d12f1'),
	(273, '13447', 'Bentley Bentayga', 76770.25, 2593.76, 4990.07, '2023-05-18 13:28:03', false, NULL, 1688.97, 90, 68370.10, 0.89, 9272.80, 15, 21, NULL, '55d08fc7-6ca7-43ea-8836-0f232fabd073'),
	(274, '13127', 'Toyota Highlander Hybrid AWD', 39477.16, 1954.36, 2566.02, '2023-05-19 14:05:30', false, NULL, 660.79, 5, 35706.79, 0.90, 5181.17, 132, 29, 36, '454c6214-76ba-45d6-b685-414b605d12f1'),
	(275, '13381', 'Kia Sorento 2WD', 85956.70, 3050.80, 429.78, '2023-05-20 08:47:43', true, 2386.05, NULL, NULL, NULL, NULL, 5866.63, 54, NULL, 107, 'fdca7ef1-11db-421f-b3fd-0d9444c31c1a'),
	(276, '13072', 'Buick Regal', 85672.13, 4251.80, 5568.69, '2023-05-21 11:56:08', false, NULL, 1809.57, 96, 69765.80, 0.81, 11630.06, 439, 1, NULL, '4ff2a2d7-09a1-4d26-81e1-55fcf9b0f49b'),
	(277, '13187', 'Chevrolet Tahoe Hybrid 2WD', 58357.28, 1937.30, 3793.22, '2023-05-21 16:28:43', true, 887.74, NULL, NULL, NULL, NULL, 6618.26, 379, 26, NULL, '55d08fc7-6ca7-43ea-8836-0f232fabd073'),
	(278, '13020', 'Volvo XC90 AWD', 43272.78, 1603.46, 2812.73, '2023-05-22 17:47:47', false, NULL, 617.29, 61, 37137.04, 0.86, 5033.48, 9, 1, 127, '55d08fc7-6ca7-43ea-8836-0f232fabd073'),
	(279, '13469', 'BMW 325ci', 73383.39, 2258.21, 4769.92, '2023-05-23 15:26:47', true, 1225.93, NULL, NULL, NULL, NULL, 8254.06, 178, 18, 60, '695bf799-f1aa-4d6e-992c-2c7377e23593'),
	(280, '13213', 'Isuzu Trooper 4WD', 71036.72, 2497.60, 4617.39, '2023-05-24 10:47:59', false, NULL, 1127.47, 90, 55817.92, 0.79, 8242.46, 62, 30, 42, '95f316fb-7a7b-4af7-bffb-b1fce97d4db3'),
	(281, '13250', 'Ford Fiesta FWD', 58096.93, 2524.49, 3776.30, '2023-05-24 16:53:50', false, NULL, 1020.73, 65, 53949.80, 0.93, 7321.52, 108, 3, NULL, '695bf799-f1aa-4d6e-992c-2c7377e23593'),
	(282, '13290', 'MINI Cooper S Clubman All4', 80842.02, 3482.84, 5254.73, '2023-05-26 15:37:38', false, NULL, 1026.57, 27, 67730.35, 0.84, 9764.14, 162, 29, 49, '55d08fc7-6ca7-43ea-8836-0f232fabd073'),
	(283, '13142', 'Porsche 911 Carrera S Cabriolet', 70733.90, 2530.29, 4597.70, '2023-05-28 11:30:31', false, NULL, 807.26, 68, 68478.39, 0.97, 7935.25, 199, 4, 98, '695bf799-f1aa-4d6e-992c-2c7377e23593'),
	(284, '13212', 'BMW ActiveHybrid 7Li', 71615.79, 2971.08, 4655.03, '2023-05-28 12:05:49', true, 1295.92, NULL, NULL, NULL, NULL, 8922.03, 266, 8, 145, '454c6214-76ba-45d6-b685-414b605d12f1'),
	(285, '13053', 'Ford Contour', 82331.34, 3879.07, 5351.54, '2023-05-28 12:28:34', false, NULL, 2416.11, 40, 59208.38, 0.72, 11646.72, 157, 27, 113, '55d08fc7-6ca7-43ea-8836-0f232fabd073'),
	(286, '13343', 'Subaru Forester AWD', 64569.85, 2070.80, 4197.04, '2023-05-28 12:49:03', false, NULL, 767.34, 113, 53690.24, 0.83, 7035.18, 456, 11, 135, '95f316fb-7a7b-4af7-bffb-b1fce97d4db3'),
	(287, '13330', 'BMW 325i/325is', 50073.28, 2070.50, 3254.76, '2023-05-29 12:17:11', false, NULL, 1176.13, 83, 39312.34, 0.79, 6501.39, 265, 43, NULL, 'd4af321e-76fa-41f9-b431-b5329aef060f'),
	(288, '13391', 'Dodge Ram 50 Pickup 2WD', 30028.02, 1312.28, 1951.82, '2023-05-29 16:20:33', true, 490.18, NULL, NULL, NULL, NULL, 3754.28, 89, 42, NULL, '55d08fc7-6ca7-43ea-8836-0f232fabd073'),
	(289, '13295', 'GMC Yukon K1500 4WD', 74769.56, 2339.28, 4860.02, '2023-05-29 16:46:29', true, 1357.62, NULL, NULL, NULL, NULL, 8556.92, 318, 42, NULL, '55d08fc7-6ca7-43ea-8836-0f232fabd073'),
	(290, '13372', 'Volkswagen Atlas 4motion', 38506.61, 1528.70, 2502.93, '2023-05-30 12:53:11', false, NULL, 1148.07, 110, 32494.45, 0.84, 5179.70, 214, 37, 21, 'a9192724-e4e3-4e92-99c0-6c4302739d5f'),
	(291, '13234', 'Chevrolet Cobalt XFE Coupe', 63422.51, 2213.65, 4122.46, '2023-05-31 12:35:09', true, 1492.75, NULL, NULL, NULL, NULL, 7828.86, 480, 11, NULL, 'fdca7ef1-11db-421f-b3fd-0d9444c31c1a'),
	(292, '13231', 'Chrysler 300', 35053.56, 1110.07, 2278.48, '2023-06-01 12:56:23', true, 543.43, NULL, NULL, NULL, NULL, 3931.98, 63, 19, NULL, 'a9192724-e4e3-4e92-99c0-6c4302739d5f'),
	(293, '13481', 'Ram 1500 4WD', 46761.34, 1651.23, 3039.49, '2023-06-01 17:05:59', true, 1268.47, NULL, NULL, NULL, NULL, 5959.19, 278, 39, NULL, '4ff2a2d7-09a1-4d26-81e1-55fcf9b0f49b'),
	(294, '13258', 'Mazda MX-30', 35329.98, 1628.23, 2296.45, '2023-06-02 09:41:44', true, 464.51, NULL, NULL, NULL, NULL, 4389.19, 194, 7, NULL, 'fdca7ef1-11db-421f-b3fd-0d9444c31c1a'),
	(295, '13484', 'Mitsubishi Expo.LRV', 62176.33, 2113.97, 4041.46, '2023-06-02 10:18:47', false, NULL, 1858.52, 95, 51169.38, 0.82, 8013.95, 400, 29, NULL, '695bf799-f1aa-4d6e-992c-2c7377e23593'),
	(296, '13030', 'Chevrolet Silverado 1500 4WD', 29150.57, 1356.54, 1894.79, '2023-06-02 15:07:36', true, 775.48, NULL, NULL, NULL, NULL, 4026.81, 451, 16, 59, '04a909da-8b60-4e55-8d35-ed14165b7dd9'),
	(297, '13380', 'Chevrolet Colorado 2WD', 80322.44, 3215.87, 5220.96, '2023-06-02 17:43:10', true, 2211.97, NULL, NULL, NULL, NULL, 10648.80, 174, 1, NULL, 'd4af321e-76fa-41f9-b431-b5329aef060f'),
	(298, '13472', 'Bertone X1/9', 27637.14, 894.74, 1796.41, '2023-06-03 14:25:58', true, 553.82, NULL, NULL, NULL, NULL, 3244.97, 152, 14, NULL, '95f316fb-7a7b-4af7-bffb-b1fce97d4db3'),
	(299, '13307', 'Jaguar XJ', 66836.67, 2081.75, 4344.38, '2023-06-04 09:50:02', true, 1866.63, NULL, NULL, NULL, NULL, 8292.76, 17, 38, NULL, '4ff2a2d7-09a1-4d26-81e1-55fcf9b0f49b'),
	(300, '13060', 'Mercedes-Benz GL550 4matic', 82002.80, 2853.48, 5330.18, '2023-06-06 09:23:22', true, 2437.64, NULL, NULL, NULL, NULL, 10621.30, 114, 37, NULL, 'd4af321e-76fa-41f9-b431-b5329aef060f'),
	(301, '13183', 'BMW M240i xDrive Coupe', 28931.12, 938.95, 1880.52, '2023-06-07 15:17:58', true, 393.41, NULL, NULL, NULL, NULL, 3212.88, 50, 18, NULL, '4ff2a2d7-09a1-4d26-81e1-55fcf9b0f49b'),
	(302, '13014', 'Toyota Tacoma 2WD', 85962.44, 2939.01, 5587.56, '2023-06-08 10:18:09', true, 2402.38, NULL, NULL, NULL, NULL, 10928.95, 44, 16, NULL, '4ff2a2d7-09a1-4d26-81e1-55fcf9b0f49b'),
	(303, '13192', 'BMW M6 Gran Coupe', 62755.20, 2032.46, 4079.09, '2023-06-08 10:54:55', false, NULL, 1281.78, 56, 55956.79, 0.89, 7393.33, 194, 20, NULL, '454c6214-76ba-45d6-b685-414b605d12f1'),
	(304, '13171', 'Mitsubishi Precis', 87593.29, 3412.28, 5693.56, '2023-06-08 17:51:19', true, 2042.22, NULL, NULL, NULL, NULL, 11148.06, 339, 18, NULL, '64acbdd7-4d8f-4530-a390-cfd110ac6644'),
	(305, '13131', 'GMC G15/25 Vandura 2WD', 63895.12, 2913.40, 4153.18, '2023-06-09 09:57:38', true, 871.85, NULL, NULL, NULL, NULL, 7938.43, 471, 3, 31, '95f316fb-7a7b-4af7-bffb-b1fce97d4db3'),
	(306, '13128', 'Chevrolet Bolt EV', 54108.50, 1627.64, 3517.05, '2023-06-10 09:49:13', true, 967.86, NULL, NULL, NULL, NULL, 6112.55, 241, 11, NULL, 'd4af321e-76fa-41f9-b431-b5329aef060f'),
	(307, '13114', 'Chevrolet Caprice', 74204.18, 2299.87, 4823.27, '2023-06-10 16:03:46', true, 1990.67, NULL, NULL, NULL, NULL, 9113.81, 396, 37, NULL, '55d08fc7-6ca7-43ea-8836-0f232fabd073'),
	(308, '13344', 'Buick Envision AWD', 28635.85, 883.60, 1861.33, '2023-06-11 11:45:35', true, 316.75, NULL, NULL, NULL, NULL, 3061.68, 86, 21, 84, 'fdca7ef1-11db-421f-b3fd-0d9444c31c1a'),
	(309, '13007', 'Dodge Stratus', 41430.26, 1424.18, 2692.97, '2023-06-12 08:07:06', true, 892.73, NULL, NULL, NULL, NULL, 5009.88, 414, 39, 88, 'd4af321e-76fa-41f9-b431-b5329aef060f'),
	(310, '13388', 'Jeep Cherokee 4WD Active Drive II', 51949.75, 2381.38, 3376.73, '2023-06-12 11:42:02', true, 1155.14, NULL, NULL, NULL, NULL, 6913.25, 247, 28, 79, '55d08fc7-6ca7-43ea-8836-0f232fabd073'),
	(311, '13277', 'Mazda MX-5', 54775.49, 2430.41, 3560.41, '2023-06-15 11:26:24', true, 1006.46, NULL, NULL, NULL, NULL, 6997.28, 174, 4, 47, '55d08fc7-6ca7-43ea-8836-0f232fabd073'),
	(312, '13401', 'Volkswagen Passat 4motion', 36898.57, 1550.25, 2398.41, '2023-06-16 12:46:52', false, NULL, 517.08, 116, 30009.48, 0.81, 4465.74, 199, 24, NULL, 'd4af321e-76fa-41f9-b431-b5329aef060f'),
	(313, '13179', 'Hyundai Kona N', 36919.12, 1789.05, 2399.74, '2023-06-16 13:05:06', true, 680.17, NULL, NULL, NULL, NULL, 4868.96, 321, 4, 142, '95f316fb-7a7b-4af7-bffb-b1fce97d4db3'),
	(314, '13455', 'Chevrolet Tahoe 1500 4WD', 78626.51, 2361.31, 5110.72, '2023-06-17 10:37:59', true, 1149.54, NULL, NULL, NULL, NULL, 8621.57, 13, 41, NULL, '95f316fb-7a7b-4af7-bffb-b1fce97d4db3'),
	(315, '13239', 'GMC Canyon 2WD', 53752.75, 1901.74, 3493.93, '2023-06-17 13:54:42', false, NULL, 946.81, 23, 43074.88, 0.80, 6342.48, 485, 12, NULL, 'a9192724-e4e3-4e92-99c0-6c4302739d5f'),
	(316, '13071', 'Daewoo Leganza', 44545.13, 1456.29, 2895.43, '2023-06-18 17:03:30', false, NULL, 1181.74, 47, 31439.61, 0.71, 5533.46, 102, 5, NULL, '55d08fc7-6ca7-43ea-8836-0f232fabd073'),
	(317, '13068', 'BMW 535xi Sport Wagon', 76615.47, 2299.86, 4980.01, '2023-06-19 09:57:18', true, 1156.95, NULL, NULL, NULL, NULL, 8436.82, 7, 4, NULL, '4ff2a2d7-09a1-4d26-81e1-55fcf9b0f49b'),
	(318, '13243', 'Alfa Romeo Stelvio AWD', 31452.65, 1313.23, 2044.42, '2023-06-20 14:06:03', false, NULL, 789.20, 81, 27865.84, 0.89, 4146.85, 111, 37, NULL, 'a9192724-e4e3-4e92-99c0-6c4302739d5f'),
	(319, '13369', 'Mercury Capri', 86109.64, 2978.62, 5597.13, '2023-06-21 08:55:11', true, 2478.29, NULL, NULL, NULL, NULL, 11054.04, 171, 40, 109, 'd4af321e-76fa-41f9-b431-b5329aef060f'),
	(320, '13001', 'Mercury Grand Marquis', 47542.51, 2241.56, 3090.26, '2023-06-21 12:27:06', true, 636.05, NULL, NULL, NULL, NULL, 5967.87, 310, 27, 149, '695bf799-f1aa-4d6e-992c-2c7377e23593'),
	(321, '13070', 'Mitsubishi Outlander 4WD', 33108.77, 1114.71, 2152.07, '2023-06-21 15:39:24', true, 697.36, NULL, NULL, NULL, NULL, 3964.14, 344, 8, 62, '04a909da-8b60-4e55-8d35-ed14165b7dd9'),
	(322, '13248', 'Ford Explorer AWD', 54274.41, 1892.36, 3527.84, '2023-06-23 08:28:11', true, 1578.89, NULL, NULL, NULL, NULL, 6999.09, 370, 18, NULL, '454c6214-76ba-45d6-b685-414b605d12f1'),
	(323, '13367', 'Volvo 940 GLE 16-Valve', 33725.07, 1435.79, 2192.13, '2023-06-24 15:15:04', false, NULL, 533.95, 29, 31817.31, 0.94, 4161.87, 281, 15, NULL, '454c6214-76ba-45d6-b685-414b605d12f1'),
	(324, '13107', 'Nissan Juke', 86860.76, 3583.71, 5645.95, '2023-06-24 16:58:54', false, NULL, 1130.69, 3, 71704.62, 0.83, 10360.35, 170, 40, NULL, '64acbdd7-4d8f-4530-a390-cfd110ac6644'),
	(325, '13395', 'Dabryan Coach Builders Inc WB', 84236.27, 2935.74, 421.18, '2023-06-25 15:01:33', true, 2219.65, NULL, NULL, NULL, NULL, 5576.57, 406, NULL, 158, 'a9192724-e4e3-4e92-99c0-6c4302739d5f'),
	(326, '13208', 'Saab 9-3 Convertible', 78524.04, 3001.09, 5104.06, '2023-06-26 11:14:54', true, 1866.33, NULL, NULL, NULL, NULL, 9971.48, 437, 34, NULL, 'd4af321e-76fa-41f9-b431-b5329aef060f'),
	(327, '13479', 'Chevrolet Express 1500 2WD Passenger', 87909.74, 3871.43, 439.55, '2023-06-26 14:36:22', true, 1349.77, NULL, NULL, NULL, NULL, 5660.75, 175, NULL, NULL, '04a909da-8b60-4e55-8d35-ed14165b7dd9'),
	(328, '13281', 'Honda Civic', 49839.71, 1640.63, 3239.58, '2023-06-26 14:45:25', false, NULL, 1209.20, 19, 34970.71, 0.70, 6089.41, 291, 26, NULL, '95f316fb-7a7b-4af7-bffb-b1fce97d4db3'),
	(329, '13203', 'Saab 9000', 77523.81, 3304.93, 5039.05, '2023-06-27 12:32:37', true, 1608.08, NULL, NULL, NULL, NULL, 9952.06, 420, 42, NULL, '55d08fc7-6ca7-43ea-8836-0f232fabd073'),
	(330, '13454', 'BMW 340i xDrive Gran Turismo', 79864.83, 3895.55, 5191.21, '2023-07-01 10:00:06', true, 1693.43, NULL, NULL, NULL, NULL, 10780.19, 308, 43, NULL, '04a909da-8b60-4e55-8d35-ed14165b7dd9'),
	(331, '13113', 'BMW 428i Coupe', 88053.36, 3875.98, 5723.47, '2023-07-01 12:48:35', true, 1497.20, NULL, NULL, NULL, NULL, 11096.65, 151, 41, NULL, 'a9192724-e4e3-4e92-99c0-6c4302739d5f'),
	(332, '13069', 'Mercury Lynx Wagon', 33290.97, 1468.81, 2163.91, '2023-07-04 13:38:18', false, NULL, 372.41, 13, 24834.71, 0.75, 4005.13, 121, 11, NULL, 'd4af321e-76fa-41f9-b431-b5329aef060f'),
	(333, '13198', 'Mercedes-Benz SLK350', 53301.74, 1838.53, 3464.61, '2023-07-05 14:14:58', false, NULL, 913.96, 31, 47763.39, 0.90, 6217.10, 358, 35, NULL, 'd4af321e-76fa-41f9-b431-b5329aef060f'),
	(334, '13306', 'BMW Z4 M40i', 43186.16, 1537.09, 2807.10, '2023-07-07 11:00:08', true, 1108.32, NULL, NULL, NULL, NULL, 5452.51, 49, 1, NULL, '64acbdd7-4d8f-4530-a390-cfd110ac6644'),
	(335, '13485', 'Toyota Paseo', 40372.40, 1427.81, 2624.21, '2023-07-07 12:57:55', true, 868.52, NULL, NULL, NULL, NULL, 4920.54, 106, 31, NULL, 'fdca7ef1-11db-421f-b3fd-0d9444c31c1a'),
	(336, '13273', 'Mercedes-Benz 260E', 45965.28, 1938.28, 2987.74, '2023-07-07 13:05:37', true, 678.05, NULL, NULL, NULL, NULL, 5604.07, 49, 7, NULL, 'fdca7ef1-11db-421f-b3fd-0d9444c31c1a'),
	(337, '13285', 'Dodge Viper Convertible', 28024.16, 1304.15, 1821.57, '2023-07-07 14:44:48', false, NULL, 336.20, 71, 22014.41, 0.79, 3461.92, 364, 32, NULL, '95f316fb-7a7b-4af7-bffb-b1fce97d4db3'),
	(338, '13005', 'Kia Soul', 28785.76, 961.13, 1871.07, '2023-07-07 16:20:55', true, 304.53, NULL, NULL, NULL, NULL, 3136.73, 15, 33, NULL, 'a9192724-e4e3-4e92-99c0-6c4302739d5f'),
	(339, '13189', 'BMW X3 xDrive35i', 68503.86, 3132.75, 4452.75, '2023-07-08 09:29:13', true, 898.80, NULL, NULL, NULL, NULL, 8484.30, 127, 15, NULL, 'd4af321e-76fa-41f9-b431-b5329aef060f'),
	(340, '13278', 'Honda Odyssey', 69866.79, 2329.47, 4541.34, '2023-07-08 12:07:18', true, 1455.93, NULL, NULL, NULL, NULL, 8326.74, 290, 32, NULL, '95f316fb-7a7b-4af7-bffb-b1fce97d4db3'),
	(341, '13093', 'Mazda RX-7', 31424.00, 1224.89, 2042.56, '2023-07-08 14:06:32', true, 583.79, NULL, NULL, NULL, NULL, 3851.24, 288, 7, NULL, '454c6214-76ba-45d6-b685-414b605d12f1'),
	(342, '13241', 'Infiniti Q70 AWD', 81699.96, 3331.18, 5310.50, '2023-07-09 12:47:38', false, NULL, 1276.75, 71, 70947.01, 0.87, 9918.43, 124, 36, NULL, '695bf799-f1aa-4d6e-992c-2c7377e23593'),
	(343, '13422', 'Chevrolet Astro 2WD (cargo)', 47538.56, 2096.17, 3090.01, '2023-07-10 17:18:24', true, 1179.60, NULL, NULL, NULL, NULL, 6365.78, 477, 11, 61, '695bf799-f1aa-4d6e-992c-2c7377e23593'),
	(344, '13032', 'Chevrolet Sonic', 67337.03, 2164.64, 4376.91, '2023-07-11 12:11:10', true, 1340.33, NULL, NULL, NULL, NULL, 7881.88, 485, 25, NULL, 'd4af321e-76fa-41f9-b431-b5329aef060f'),
	(345, '13222', 'Saab 9-5', 64603.95, 3152.01, 4199.26, '2023-07-11 14:19:35', false, NULL, 1573.67, 76, 46566.74, 0.72, 8924.94, 160, 23, NULL, '55d08fc7-6ca7-43ea-8836-0f232fabd073'),
	(346, '13478', 'Jaguar XK', 41043.24, 1875.35, 2667.81, '2023-07-12 08:55:55', false, NULL, 1126.02, 62, 33369.04, 0.81, 5669.18, 12, 8, NULL, '695bf799-f1aa-4d6e-992c-2c7377e23593'),
	(347, '13051', 'GMC C15 Suburban 2WD', 31054.22, 1087.71, 2018.52, '2023-07-12 16:37:56', false, NULL, 702.02, 87, 21977.31, 0.71, 3808.25, 15, 10, NULL, 'd4af321e-76fa-41f9-b431-b5329aef060f'),
	(348, '13098', 'Chevrolet S10 Pickup 2WD', 34830.43, 1563.11, 2263.98, '2023-07-13 12:33:08', true, 849.90, NULL, NULL, NULL, NULL, 4676.99, 96, 30, NULL, 'd4af321e-76fa-41f9-b431-b5329aef060f'),
	(349, '13147', 'Pontiac Firebird/Trans Am', 72211.97, 2258.37, 361.06, '2023-07-16 10:13:02', false, NULL, 1369.32, 87, 71937.40, 1.00, 3988.75, 351, NULL, 6, 'a9192724-e4e3-4e92-99c0-6c4302739d5f'),
	(350, '13438', 'Chevrolet Cavalier Wagon', 43365.18, 1324.71, 2818.74, '2023-07-16 15:26:22', false, NULL, 562.21, 107, 42934.10, 0.99, 4705.66, 418, 39, NULL, '55d08fc7-6ca7-43ea-8836-0f232fabd073'),
	(351, '13402', 'Chevrolet Suburban 1500 4WD', 51405.74, 2523.53, 3341.37, '2023-07-16 17:36:53', true, 1376.58, NULL, NULL, NULL, NULL, 7241.48, 326, 26, NULL, '95f316fb-7a7b-4af7-bffb-b1fce97d4db3'),
	(352, '13476', 'Suzuki Grand Vitara XL7', 32960.67, 1353.25, 2142.44, '2023-07-18 09:08:00', true, 470.99, NULL, NULL, NULL, NULL, 3966.68, 393, 7, 144, '695bf799-f1aa-4d6e-992c-2c7377e23593'),
	(353, '13170', 'Saab 900', 40365.05, 1516.83, 2623.73, '2023-07-18 17:51:22', true, 588.68, NULL, NULL, NULL, NULL, 4729.24, 361, 3, NULL, '95f316fb-7a7b-4af7-bffb-b1fce97d4db3'),
	(354, '13082', 'Hyundai Santa Fe 2WD', 70783.00, 2751.45, 4600.90, '2023-07-19 09:28:02', true, 1031.42, NULL, NULL, NULL, NULL, 8383.77, 217, 7, NULL, '695bf799-f1aa-4d6e-992c-2c7377e23593'),
	(355, '13384', 'Chevrolet El Camino Pickup 2WD', 70692.63, 3473.89, 4595.02, '2023-07-20 11:22:20', true, 2068.84, NULL, NULL, NULL, NULL, 10137.75, 231, 17, 116, 'a9192724-e4e3-4e92-99c0-6c4302739d5f'),
	(356, '13043', 'Mazda 3 5-Door', 35466.54, 1436.09, 2305.33, '2023-07-21 10:05:24', false, NULL, 595.62, 40, 27529.75, 0.78, 4337.04, 396, 26, NULL, 'd4af321e-76fa-41f9-b431-b5329aef060f'),
	(357, '13304', 'Suzuki Grand Vitara XL7', 41406.63, 1938.75, 207.03, '2023-07-21 10:43:57', true, 518.27, NULL, NULL, NULL, NULL, 2664.05, 327, NULL, NULL, '454c6214-76ba-45d6-b685-414b605d12f1'),
	(358, '13263', 'Volvo S60 FWD', 58584.41, 2233.91, 3807.99, '2023-07-21 14:06:08', true, 1076.16, NULL, NULL, NULL, NULL, 7118.06, 264, 6, NULL, '55d08fc7-6ca7-43ea-8836-0f232fabd073'),
	(359, '13100', 'Dodge B150/B250 Wagon 2WD', 45935.91, 1499.01, 2985.83, '2023-07-22 15:12:14', true, 523.56, NULL, NULL, NULL, NULL, 5008.40, 110, 34, 104, '64acbdd7-4d8f-4530-a390-cfd110ac6644'),
	(360, '13218', 'Volkswagen Passat', 63365.42, 2384.87, 4118.75, '2023-07-23 12:59:34', true, 1512.12, NULL, NULL, NULL, NULL, 8015.74, 23, 17, NULL, '55d08fc7-6ca7-43ea-8836-0f232fabd073'),
	(361, '13015', 'Chevrolet S10 Pickup 4WD', 53299.68, 2513.70, 3464.48, '2023-07-24 15:49:47', true, 1578.70, NULL, NULL, NULL, NULL, 7556.88, 249, 8, NULL, '55d08fc7-6ca7-43ea-8836-0f232fabd073'),
	(362, '13338', 'Kia Sportage 4WD', 32975.32, 1397.68, 2143.40, '2023-07-24 17:37:08', false, NULL, 724.79, 118, 26007.81, 0.79, 4265.87, 419, 10, 121, '64acbdd7-4d8f-4530-a390-cfd110ac6644'),
	(363, '13471', 'Ford Taurus Wagon', 51102.58, 2269.66, 3321.67, '2023-07-26 09:35:11', true, 699.29, NULL, NULL, NULL, NULL, 6290.62, 466, 12, NULL, '695bf799-f1aa-4d6e-992c-2c7377e23593'),
	(364, '13499', 'Mazda CX-7 4WD', 77512.67, 3468.42, 5038.32, '2023-07-26 13:07:40', false, NULL, 917.04, 102, 59636.47, 0.77, 9423.78, 199, 23, 38, '55d08fc7-6ca7-43ea-8836-0f232fabd073'),
	(365, '13453', 'Ram C/V Cargo Van', 69443.36, 2518.25, 347.22, '2023-07-27 10:03:23', false, NULL, 1272.09, 18, 58293.60, 0.84, 4137.56, 461, NULL, NULL, '04a909da-8b60-4e55-8d35-ed14165b7dd9'),
	(366, '13209', 'Porsche 911 Turbo', 42364.77, 1707.71, 2753.71, '2023-07-27 17:49:14', false, NULL, 461.31, 59, 38880.19, 0.92, 4922.73, 343, 4, 115, '55d08fc7-6ca7-43ea-8836-0f232fabd073'),
	(367, '13366', 'Chevrolet Monte Carlo', 83512.70, 2973.89, 5428.33, '2023-07-28 09:33:50', false, NULL, 2309.61, 64, 60423.33, 0.72, 10711.83, 246, 12, NULL, '04a909da-8b60-4e55-8d35-ed14165b7dd9'),
	(368, '13240', 'Ford E150 Club Wagon', 52279.87, 2356.05, 3398.19, '2023-07-28 17:52:04', false, NULL, 1273.12, 50, 45043.83, 0.86, 7027.36, 238, 22, NULL, '695bf799-f1aa-4d6e-992c-2c7377e23593'),
	(369, '13062', 'Subaru Crosstrek Hybrid AWD', 69295.98, 2999.01, 4504.24, '2023-07-29 09:38:13', true, 1098.85, NULL, NULL, NULL, NULL, 8602.10, 375, 3, 146, '04a909da-8b60-4e55-8d35-ed14165b7dd9'),
	(370, '13340', 'Plymouth Acclaim', 45778.37, 2015.67, 2975.59, '2023-07-30 09:35:49', true, 701.88, NULL, NULL, NULL, NULL, 5693.14, 10, 19, NULL, 'fdca7ef1-11db-421f-b3fd-0d9444c31c1a'),
	(371, '13086', 'Dodge D250 Cab Chassis 2WD', 70593.96, 3173.84, 4588.61, '2023-07-30 10:33:59', true, 1376.02, NULL, NULL, NULL, NULL, 9138.47, 180, 26, 57, 'a9192724-e4e3-4e92-99c0-6c4302739d5f'),
	(372, '13255', 'MINI Clubman S', 47590.59, 2290.58, 3093.39, '2023-07-30 11:45:16', true, 970.45, NULL, NULL, NULL, NULL, 6354.42, 353, 28, 52, '55d08fc7-6ca7-43ea-8836-0f232fabd073'),
	(373, '13283', 'Mercedes-Benz Metris (Passenger Van)', 36905.05, 1248.69, 2398.83, '2023-07-31 12:29:08', true, 664.25, NULL, NULL, NULL, NULL, 4311.77, 416, 34, NULL, '454c6214-76ba-45d6-b685-414b605d12f1'),
	(374, '13374', 'Volvo S60 AWD', 63886.70, 2668.05, 4152.64, '2023-08-01 08:24:04', true, 1731.02, NULL, NULL, NULL, NULL, 8551.71, 304, 38, 102, '454c6214-76ba-45d6-b685-414b605d12f1'),
	(375, '13224', 'MINI John Cooper Works Coupe', 41849.55, 2075.17, 2720.22, '2023-08-02 14:05:41', false, NULL, 740.08, 101, 35886.21, 0.86, 5535.47, 249, 38, 9, '4ff2a2d7-09a1-4d26-81e1-55fcf9b0f49b'),
	(376, '13197', 'Oldsmobile Firenza', 82026.83, 3587.97, 5331.74, '2023-08-02 17:24:18', false, NULL, 1054.71, 53, 75917.87, 0.93, 9974.42, 61, 17, NULL, '55d08fc7-6ca7-43ea-8836-0f232fabd073'),
	(377, '13028', 'GMC T15 (S15) Jimmy 4WD', 73921.02, 3627.83, 4804.87, '2023-08-03 09:59:15', false, NULL, 1389.51, 66, 55149.46, 0.75, 9822.21, 186, 4, 128, '454c6214-76ba-45d6-b685-414b605d12f1'),
	(378, '13493', 'Saab 900 Convertible', 71468.35, 2494.58, 357.34, '2023-08-03 12:08:21', true, 1323.92, NULL, NULL, NULL, NULL, 4175.84, 315, NULL, 48, '4ff2a2d7-09a1-4d26-81e1-55fcf9b0f49b'),
	(379, '13246', 'Dodge Caravan/Grand Caravan/Ram Van 2WD', 39050.52, 1361.36, 2538.28, '2023-08-03 13:31:45', true, 728.71, NULL, NULL, NULL, NULL, 4628.35, 417, 7, 156, '4ff2a2d7-09a1-4d26-81e1-55fcf9b0f49b'),
	(380, '13312', 'Dodge Colt Wagon', 46982.48, 2172.74, 3053.86, '2023-08-03 17:43:51', true, 733.46, NULL, NULL, NULL, NULL, 5960.06, 10, 24, 138, 'fdca7ef1-11db-421f-b3fd-0d9444c31c1a'),
	(381, '13267', 'Subaru Impreza Wagon/Outback SPT AWD', 30931.98, 1491.12, 2010.58, '2023-08-05 12:24:33', true, 492.94, NULL, NULL, NULL, NULL, 3994.64, 20, 30, NULL, 'fdca7ef1-11db-421f-b3fd-0d9444c31c1a'),
	(382, '13066', 'Jaguar XF P250', 28673.42, 994.47, 1863.77, '2023-08-05 12:40:43', true, 561.23, NULL, NULL, NULL, NULL, 3419.47, 59, 37, 90, '55d08fc7-6ca7-43ea-8836-0f232fabd073'),
	(383, '13262', 'Mercedes-Benz C320 Sports Coupe', 44702.11, 1855.47, 2905.64, '2023-08-05 12:49:58', true, 1161.03, NULL, NULL, NULL, NULL, 5922.14, 213, 42, NULL, '55d08fc7-6ca7-43ea-8836-0f232fabd073'),
	(384, '13364', 'BMW 318i/318is', 33877.40, 1672.49, 2202.03, '2023-08-07 09:13:03', true, 920.26, NULL, NULL, NULL, NULL, 4794.78, 318, 42, NULL, 'd4af321e-76fa-41f9-b431-b5329aef060f'),
	(385, '13411', 'Mercedes-Benz E350', 53366.45, 1708.59, 3468.82, '2023-08-07 12:30:55', true, 923.65, NULL, NULL, NULL, NULL, 6101.06, 184, 39, NULL, 'd4af321e-76fa-41f9-b431-b5329aef060f'),
	(386, '13362', 'Lexus GS 350', 54625.05, 1888.09, 3550.63, '2023-08-07 13:06:39', true, 1052.11, NULL, NULL, NULL, NULL, 6490.83, 205, 18, 3, '695bf799-f1aa-4d6e-992c-2c7377e23593'),
	(387, '13006', 'Mazda 5', 50830.43, 1755.49, 3303.98, '2023-08-07 13:21:22', true, 700.02, NULL, NULL, NULL, NULL, 5759.49, 268, 8, NULL, '95f316fb-7a7b-4af7-bffb-b1fce97d4db3'),
	(388, '13332', 'BMW 230i Convertible', 33076.43, 1397.33, 2149.97, '2023-08-08 13:37:31', false, NULL, 901.15, 103, 30952.07, 0.94, 4448.45, 153, 8, NULL, '55d08fc7-6ca7-43ea-8836-0f232fabd073'),
	(389, '13377', 'Lincoln Continental  FWD', 63615.89, 2564.90, 4135.03, '2023-08-08 17:27:42', false, NULL, 736.87, 24, 54064.59, 0.85, 7436.80, 266, 2, NULL, '95f316fb-7a7b-4af7-bffb-b1fce97d4db3'),
	(390, '13292', 'Chevrolet C10 Pickup 2WD', 60791.75, 2647.65, 3951.46, '2023-08-09 09:31:58', true, 821.36, NULL, NULL, NULL, NULL, 7420.47, 264, 16, 86, '04a909da-8b60-4e55-8d35-ed14165b7dd9'),
	(391, '13282', 'Pontiac Sunbird Convertible', 66993.53, 2592.69, 4354.58, '2023-08-09 13:03:21', false, NULL, 1755.33, 8, 57206.52, 0.85, 8702.60, 363, 14, NULL, '64acbdd7-4d8f-4530-a390-cfd110ac6644'),
	(392, '13424', 'Saab 9-3 Sport Sedan', 57182.40, 2117.86, 3716.86, '2023-08-10 08:40:00', true, 1266.32, NULL, NULL, NULL, NULL, 7101.04, 383, 33, NULL, '64acbdd7-4d8f-4530-a390-cfd110ac6644'),
	(393, '13446', 'Ford Aerostar Van AWD', 87333.91, 3148.37, 5676.70, '2023-08-10 10:08:40', false, NULL, 1526.40, 92, 66313.58, 0.76, 10351.47, 320, 10, 28, '454c6214-76ba-45d6-b685-414b605d12f1'),
	(394, '13094', 'Subaru Sedan 4WD', 74151.87, 2350.67, 4819.87, '2023-08-10 10:58:39', true, 815.30, NULL, NULL, NULL, NULL, 7985.84, 4, 20, NULL, '64acbdd7-4d8f-4530-a390-cfd110ac6644'),
	(395, '13466', 'Pontiac Sunbird', 82302.21, 3998.75, 5349.64, '2023-08-11 16:44:51', false, NULL, 2046.57, 19, 76546.80, 0.93, 11394.96, 406, 3, 75, 'a9192724-e4e3-4e92-99c0-6c4302739d5f'),
	(396, '13256', 'Oldsmobile Cutlass Ciera', 74420.76, 3518.10, 4837.35, '2023-08-13 10:22:07', false, NULL, 1087.33, 60, 67910.62, 0.91, 9442.78, 410, 21, NULL, '55d08fc7-6ca7-43ea-8836-0f232fabd073'),
	(397, '13334', 'MINI Cooper S Convertible', 31101.82, 1301.18, 2021.62, '2023-08-13 10:39:31', false, NULL, 779.29, 32, 23550.63, 0.76, 4102.09, 200, 13, NULL, '695bf799-f1aa-4d6e-992c-2c7377e23593'),
	(398, '13138', 'Ford Shelby GT500 Mustang', 74746.71, 3456.75, 4858.54, '2023-08-14 14:06:03', false, NULL, 1973.74, 36, 63643.19, 0.85, 10289.03, 321, 44, NULL, '695bf799-f1aa-4d6e-992c-2c7377e23593'),
	(399, '13487', 'Ford F150 Pickup 4WD', 71919.81, 2293.52, 4674.79, '2023-08-14 14:23:13', false, NULL, 1966.23, 100, 67235.72, 0.93, 8934.54, 321, 25, 130, 'fdca7ef1-11db-421f-b3fd-0d9444c31c1a'),
	(400, '13129', 'Ford F150 Pickup 4WD', 72048.75, 2443.25, 4683.17, '2023-08-14 15:26:24', true, 758.26, NULL, NULL, NULL, NULL, 7884.68, 469, 5, NULL, '04a909da-8b60-4e55-8d35-ed14165b7dd9'),
	(401, '13188', 'Dodge Omni', 72728.99, 2726.74, 4727.38, '2023-08-17 14:40:34', false, NULL, 1427.19, 35, 55670.37, 0.77, 8881.31, 87, 3, NULL, '55d08fc7-6ca7-43ea-8836-0f232fabd073'),
	(402, '13431', 'Maserati GranTurismo', 62352.08, 2345.28, 4052.89, '2023-08-18 08:02:29', true, 1425.83, NULL, NULL, NULL, NULL, 7824.00, 161, 9, NULL, 'fdca7ef1-11db-421f-b3fd-0d9444c31c1a'),
	(403, '13040', 'Kia Sportage 4WD', 44198.24, 2133.81, 2872.89, '2023-08-18 15:29:34', true, 1282.61, NULL, NULL, NULL, NULL, 6289.31, 81, 11, NULL, 'd4af321e-76fa-41f9-b431-b5329aef060f'),
	(404, '13473', 'Subaru Tribeca AWD', 79487.20, 3176.77, 5166.67, '2023-08-18 15:29:49', false, NULL, 1493.67, 50, 66792.26, 0.84, 9837.11, 53, 19, NULL, '95f316fb-7a7b-4af7-bffb-b1fce97d4db3'),
	(405, '13483', 'Peugeot 405 Station Wagon', 68073.13, 3151.99, 4424.75, '2023-08-19 10:39:50', false, NULL, 982.91, 28, 61198.09, 0.90, 8559.65, 414, 23, NULL, '4ff2a2d7-09a1-4d26-81e1-55fcf9b0f49b'),
	(406, '13497', 'Mercedes-Benz GLE580 4matic', 42152.39, 1861.75, 2739.91, '2023-08-20 17:26:12', true, 1253.87, NULL, NULL, NULL, NULL, 5855.53, 285, 11, 33, '64acbdd7-4d8f-4530-a390-cfd110ac6644'),
	(407, '13383', 'Ford Ranger Pickup 4WD', 69352.63, 2245.87, 4507.92, '2023-08-21 13:22:56', true, 1377.63, NULL, NULL, NULL, NULL, 8131.42, 16, 3, 165, '04a909da-8b60-4e55-8d35-ed14165b7dd9'),
	(408, '13459', 'Subaru Impreza AWD', 65689.44, 2977.31, 4269.81, '2023-08-21 14:29:28', false, NULL, 783.36, 45, 61458.11, 0.94, 8030.48, 32, 9, NULL, '454c6214-76ba-45d6-b685-414b605d12f1'),
	(409, '13219', 'Toyota Camry', 33015.52, 1382.57, 2146.01, '2023-08-21 14:40:34', true, 493.86, NULL, NULL, NULL, NULL, 4022.44, 196, 44, NULL, '64acbdd7-4d8f-4530-a390-cfd110ac6644'),
	(410, '13289', 'Subaru Legacy AWD', 69684.22, 2800.40, 4529.47, '2023-08-22 13:37:55', true, 1037.31, NULL, NULL, NULL, NULL, 8367.18, 411, 35, NULL, '695bf799-f1aa-4d6e-992c-2c7377e23593'),
	(411, '13056', 'Nissan Xterra 2WD', 46038.13, 1509.27, 2992.48, '2023-08-22 15:18:01', false, NULL, 1202.99, 44, 43788.52, 0.95, 5704.74, 16, 31, 51, '4ff2a2d7-09a1-4d26-81e1-55fcf9b0f49b'),
	(412, '13087', 'Mitsubishi Mirage', 43434.95, 1619.68, 2823.27, '2023-08-23 12:25:25', true, 871.28, NULL, NULL, NULL, NULL, 5314.23, 350, 37, 83, '454c6214-76ba-45d6-b685-414b605d12f1'),
	(413, '13078', 'Nissan Altima', 55908.87, 2751.61, 3634.08, '2023-08-23 17:58:08', true, 1056.37, NULL, NULL, NULL, NULL, 7442.06, 164, 8, NULL, '695bf799-f1aa-4d6e-992c-2c7377e23593'),
	(414, '13247', 'Mazda 2', 88400.49, 3293.96, 5746.03, '2023-08-24 08:43:42', true, 1708.40, NULL, NULL, NULL, NULL, 10748.39, 393, 36, NULL, '04a909da-8b60-4e55-8d35-ed14165b7dd9'),
	(415, '13300', 'Porsche 911 Carrera 4 GTS', 41311.90, 1807.98, 2685.27, '2023-08-24 16:41:46', false, NULL, 1069.54, 24, 28944.89, 0.70, 5562.79, 46, 20, 139, '695bf799-f1aa-4d6e-992c-2c7377e23593'),
	(416, '13348', 'Chevrolet C2500 Pickup 2WD', 59564.48, 2777.34, 3871.69, '2023-08-24 17:18:35', false, NULL, 1379.32, 75, 57660.16, 0.97, 8028.35, 361, 26, 14, '454c6214-76ba-45d6-b685-414b605d12f1'),
	(417, '13268', 'Chevrolet Nova', 27366.70, 840.02, 1778.84, '2023-08-25 12:58:26', true, 599.34, NULL, NULL, NULL, NULL, 3218.20, 453, 39, NULL, '4ff2a2d7-09a1-4d26-81e1-55fcf9b0f49b'),
	(418, '13228', 'Honda Passport 4WD', 61998.77, 1936.05, 4029.92, '2023-08-25 14:47:25', true, 1346.54, NULL, NULL, NULL, NULL, 7312.51, 293, 36, 91, '04a909da-8b60-4e55-8d35-ed14165b7dd9'),
	(419, '13103', 'Chevrolet Impala', 69856.69, 2644.75, 4540.68, '2023-08-25 14:59:22', false, NULL, 1495.43, 73, 52060.88, 0.75, 8680.86, 381, 43, NULL, '64acbdd7-4d8f-4530-a390-cfd110ac6644'),
	(420, '13489', 'Toyota Prius c', 45299.70, 1628.97, 2944.48, '2023-08-26 12:03:41', true, 761.54, NULL, NULL, NULL, NULL, 5334.99, 15, 35, NULL, '454c6214-76ba-45d6-b685-414b605d12f1'),
	(421, '13223', 'Toyota Camry Hybrid', 61338.12, 2049.68, 3986.98, '2023-08-26 17:01:54', true, 1693.45, NULL, NULL, NULL, NULL, 7730.11, 321, 43, NULL, '95f316fb-7a7b-4af7-bffb-b1fce97d4db3'),
	(422, '13151', 'Porsche 911 Carrera S', 55763.95, 1734.54, 3624.66, '2023-08-27 12:55:37', true, 936.20, NULL, NULL, NULL, NULL, 6295.40, 191, 27, NULL, 'a9192724-e4e3-4e92-99c0-6c4302739d5f'),
	(423, '13134', 'GMC Yukon 1500 Hybrid 2WD', 73829.24, 3158.05, 4798.90, '2023-08-28 13:22:16', false, NULL, 1692.41, 4, 66298.51, 0.90, 9649.36, 273, 6, 132, '64acbdd7-4d8f-4530-a390-cfd110ac6644'),
	(424, '13084', 'Lexus IS 300 AWD', 54566.24, 1991.66, 3546.81, '2023-08-31 13:06:58', false, NULL, 811.09, 64, 53619.61, 0.98, 6349.56, 249, 36, 78, 'fdca7ef1-11db-421f-b3fd-0d9444c31c1a'),
	(425, '13174', 'Kia EV6 Long Range AWD (20 inch Wheels)', 54422.50, 2024.07, 3537.46, '2023-09-02 10:22:45', true, 1051.30, NULL, NULL, NULL, NULL, 6612.83, 206, 31, NULL, 'a9192724-e4e3-4e92-99c0-6c4302739d5f'),
	(426, '13260', 'Ford Explorer 2WD FFV', 81102.87, 3388.40, 5271.69, '2023-09-03 14:53:44', false, NULL, 2397.03, 18, 65283.10, 0.80, 11057.12, 187, 22, NULL, '4ff2a2d7-09a1-4d26-81e1-55fcf9b0f49b'),
	(427, '13309', 'Chevrolet Silverado 2WD', 52301.17, 2572.92, 261.51, '2023-09-03 15:39:07', true, 1374.14, NULL, NULL, NULL, NULL, 4208.57, 410, NULL, NULL, 'fdca7ef1-11db-421f-b3fd-0d9444c31c1a'),
	(428, '13421', 'Chevrolet Camaro', 59657.45, 2112.39, 3877.73, '2023-09-04 11:23:10', true, 1545.44, NULL, NULL, NULL, NULL, 7535.56, 9, 15, NULL, '55d08fc7-6ca7-43ea-8836-0f232fabd073'),
	(429, '13003', 'Pontiac Grand Prix', 29715.96, 1261.23, 1931.54, '2023-09-05 09:26:08', true, 595.46, NULL, NULL, NULL, NULL, 3788.23, 49, 26, 103, 'a9192724-e4e3-4e92-99c0-6c4302739d5f'),
	(430, '13049', 'Chevrolet Bolt EV', 85438.42, 3390.66, 5553.50, '2023-09-07 10:15:59', true, 2126.50, NULL, NULL, NULL, NULL, 11070.66, 351, 3, NULL, 'a9192724-e4e3-4e92-99c0-6c4302739d5f'),
	(431, '13341', 'Cadillac Fleetwood', 49650.91, 1639.36, 3227.31, '2023-09-08 09:48:55', true, 927.14, NULL, NULL, NULL, NULL, 5793.81, 332, 11, NULL, '55d08fc7-6ca7-43ea-8836-0f232fabd073'),
	(432, '13201', 'Mazda B4000 4WD', 33932.40, 1139.48, 2205.61, '2023-09-08 15:36:50', false, NULL, 830.87, 117, 28822.88, 0.85, 4175.96, 190, 29, NULL, '4ff2a2d7-09a1-4d26-81e1-55fcf9b0f49b'),
	(433, '13009', 'Volkswagen Atlas 4motion', 69162.68, 3386.63, 4495.57, '2023-09-10 11:47:54', true, 1494.63, NULL, NULL, NULL, NULL, 9376.83, 351, 31, NULL, '454c6214-76ba-45d6-b685-414b605d12f1'),
	(434, '13370', 'GMC Jimmy AWD', 41055.33, 1334.19, 2668.60, '2023-09-14 08:30:46', true, 889.26, NULL, NULL, NULL, NULL, 4892.05, 393, 23, NULL, '454c6214-76ba-45d6-b685-414b605d12f1'),
	(435, '13186', 'Infiniti G20', 46262.93, 2025.89, 3007.09, '2023-09-14 10:20:05', true, 1386.97, NULL, NULL, NULL, NULL, 6419.95, 349, 7, 159, '04a909da-8b60-4e55-8d35-ed14165b7dd9'),
	(436, '13346', 'Chevrolet Silverado 1500 4WD', 84715.04, 2557.29, 5506.48, '2023-09-14 11:52:30', true, 2085.03, NULL, NULL, NULL, NULL, 10148.80, 482, 6, 70, '695bf799-f1aa-4d6e-992c-2c7377e23593'),
	(437, '13456', 'Chevrolet Suburban 1500 4WD', 33064.01, 995.12, 2149.16, '2023-09-14 12:35:57', true, 626.75, NULL, NULL, NULL, NULL, 3771.03, 20, 1, NULL, '55d08fc7-6ca7-43ea-8836-0f232fabd073'),
	(438, '13328', 'Jeep Compass FWD', 31320.98, 1281.45, 2035.86, '2023-09-14 13:38:09', true, 413.93, NULL, NULL, NULL, NULL, 3731.24, 326, 5, NULL, '454c6214-76ba-45d6-b685-414b605d12f1'),
	(439, '13496', 'Volkswagen Golf SportWagen 4motion', 70612.74, 2827.32, 4589.83, '2023-09-14 16:47:34', false, NULL, 1986.23, 37, 62598.16, 0.89, 9403.38, 338, 10, 29, '454c6214-76ba-45d6-b685-414b605d12f1'),
	(440, '13169', 'Chevrolet Tahoe 1500 2WD', 47390.28, 2351.64, 3080.37, '2023-09-15 17:49:41', false, NULL, 950.90, 78, 37554.50, 0.79, 6382.91, 414, 39, NULL, '4ff2a2d7-09a1-4d26-81e1-55fcf9b0f49b'),
	(441, '13434', 'BMW 840i Convertible', 55629.68, 2508.47, 3615.93, '2023-09-17 16:19:46', true, 713.23, NULL, NULL, NULL, NULL, 6837.63, 179, 35, NULL, '695bf799-f1aa-4d6e-992c-2c7377e23593'),
	(442, '13165', 'Porsche 911 Carrera', 81053.91, 3090.36, 5268.50, '2023-09-18 09:11:49', true, 1901.48, NULL, NULL, NULL, NULL, 10260.34, 129, 6, NULL, '695bf799-f1aa-4d6e-992c-2c7377e23593'),
	(443, '13452', 'Roush Performance Stage 3 Mustang', 82423.66, 3359.68, 5357.54, '2023-09-18 10:40:11', false, NULL, 1155.94, 58, 58829.77, 0.71, 9873.16, 167, 29, NULL, '4ff2a2d7-09a1-4d26-81e1-55fcf9b0f49b'),
	(444, '13059', 'Audi S4', 72636.34, 2983.66, 4721.36, '2023-09-19 15:57:40', true, 2133.98, NULL, NULL, NULL, NULL, 9839.00, 431, 6, NULL, 'fdca7ef1-11db-421f-b3fd-0d9444c31c1a'),
	(445, '13237', 'Volkswagen CC 4motion', 75513.77, 3593.60, 4908.40, '2023-09-20 14:06:39', false, NULL, 1939.68, 103, 65729.38, 0.87, 10441.68, 16, 26, NULL, 'a9192724-e4e3-4e92-99c0-6c4302739d5f'),
	(446, '13342', 'Honda Civic Del Sol', 34299.64, 1390.80, 2229.48, '2023-09-20 17:12:21', true, 874.76, NULL, NULL, NULL, NULL, 4495.04, 289, 6, NULL, '95f316fb-7a7b-4af7-bffb-b1fce97d4db3'),
	(447, '13284', 'Honda CR-V 4WD', 75839.08, 3228.73, 4929.54, '2023-09-21 13:00:28', false, NULL, 1713.17, 64, 62624.38, 0.83, 9871.44, 64, 37, NULL, '04a909da-8b60-4e55-8d35-ed14165b7dd9'),
	(448, '13021', 'Dodge Ram 1500 Pickup 2WD', 38332.59, 1626.18, 2491.62, '2023-09-23 10:47:58', false, NULL, 867.95, 47, 34759.68, 0.91, 4985.75, 4, 24, NULL, '695bf799-f1aa-4d6e-992c-2c7377e23593'),
	(449, '13396', 'Oldsmobile Custom Cruiser', 27408.67, 958.14, 1781.56, '2023-09-23 12:21:14', true, 741.99, NULL, NULL, NULL, NULL, 3481.69, 340, 26, NULL, '64acbdd7-4d8f-4530-a390-cfd110ac6644'),
	(450, '13120', 'Buick Skylark', 73745.45, 3332.34, 4793.45, '2023-09-24 11:16:10', true, 2164.26, NULL, NULL, NULL, NULL, 10290.05, 335, 17, NULL, 'd4af321e-76fa-41f9-b431-b5329aef060f'),
	(451, '13205', 'Ford Expedition 2WD', 80062.83, 3974.17, 5204.08, '2023-09-25 10:27:15', false, NULL, 1411.76, 14, 74414.69, 0.93, 10590.01, 249, 11, NULL, '55d08fc7-6ca7-43ea-8836-0f232fabd073'),
	(452, '13359', 'Lincoln LS', 66771.10, 2542.08, 4340.12, '2023-09-25 11:21:43', true, 1142.67, NULL, NULL, NULL, NULL, 8024.87, 446, 24, 34, '4ff2a2d7-09a1-4d26-81e1-55fcf9b0f49b'),
	(453, '13305', 'Nissan Pulsar/Pulsar-NX', 87654.21, 3725.52, 5697.52, '2023-09-25 12:12:05', true, 2628.62, NULL, NULL, NULL, NULL, 12051.66, 416, 27, NULL, '4ff2a2d7-09a1-4d26-81e1-55fcf9b0f49b'),
	(454, '13445', 'Pontiac Bonneville', 51359.76, 1726.53, 3338.38, '2023-09-25 16:36:25', false, NULL, 884.19, 112, 43142.82, 0.84, 5949.10, 207, 44, NULL, '04a909da-8b60-4e55-8d35-ed14165b7dd9'),
	(455, '13382', 'Audi S3', 72582.61, 2610.45, 4717.87, '2023-09-25 16:40:17', true, 1285.46, NULL, NULL, NULL, NULL, 8613.78, 167, 28, NULL, '55d08fc7-6ca7-43ea-8836-0f232fabd073'),
	(456, '13095', 'Dodge B150/B250 Van 2WD', 30559.49, 948.85, 1986.37, '2023-09-26 15:19:51', false, NULL, 830.76, 116, 22763.13, 0.74, 3765.98, 123, 7, 45, '55d08fc7-6ca7-43ea-8836-0f232fabd073'),
	(457, '13350', 'BMW 750i', 77920.22, 2795.45, 5064.81, '2023-09-28 12:02:07', true, 1360.26, NULL, NULL, NULL, NULL, 9220.52, 200, 4, 54, '4ff2a2d7-09a1-4d26-81e1-55fcf9b0f49b'),
	(458, '13022', 'Chrysler 300 AWD', 41830.84, 2037.54, 2719.00, '2023-09-28 17:46:29', true, 917.57, NULL, NULL, NULL, NULL, 5674.11, 196, 14, NULL, '95f316fb-7a7b-4af7-bffb-b1fce97d4db3'),
	(459, '13166', 'Rolls-Royce Continental', 86694.53, 2702.60, 5635.14, '2023-09-30 08:09:16', true, 1458.94, NULL, NULL, NULL, NULL, 9796.68, 227, 1, NULL, 'fdca7ef1-11db-421f-b3fd-0d9444c31c1a'),
	(460, '13025', 'Rolls-Royce Phantom EWB', 35167.95, 1308.76, 2285.92, '2023-09-30 15:17:08', true, 474.54, NULL, NULL, NULL, NULL, 4069.22, 102, 6, NULL, 'd4af321e-76fa-41f9-b431-b5329aef060f'),
	(461, '13254', 'Ford Taurus', 80775.25, 3029.51, 5250.39, '2023-10-02 09:43:20', true, 1404.05, NULL, NULL, NULL, NULL, 9683.95, 458, 12, 15, 'a9192724-e4e3-4e92-99c0-6c4302739d5f'),
	(462, '13013', 'Ford Probe', 41932.26, 1710.48, 2725.60, '2023-10-02 12:06:26', false, NULL, 1058.99, 2, 30633.45, 0.73, 5495.07, 17, 9, NULL, '55d08fc7-6ca7-43ea-8836-0f232fabd073'),
	(463, '13153', 'Audi RS 5 Coupe', 66529.69, 3220.67, 4324.43, '2023-10-02 16:34:56', false, NULL, 1893.44, 19, 66124.94, 0.99, 9438.54, 327, 42, NULL, 'fdca7ef1-11db-421f-b3fd-0d9444c31c1a'),
	(464, '13480', 'Volvo V70 FWD', 39833.97, 1375.03, 2589.21, '2023-10-03 08:35:23', false, NULL, 993.72, 80, 29048.77, 0.73, 4957.96, 130, 5, NULL, 'd4af321e-76fa-41f9-b431-b5329aef060f'),
	(465, '13141', 'Acura Integra A-Spec', 82758.22, 3043.47, 413.79, '2023-10-04 15:12:45', true, 880.96, NULL, NULL, NULL, NULL, 4338.22, 470, NULL, 4, 'a9192724-e4e3-4e92-99c0-6c4302739d5f'),
	(466, '13272', 'Infiniti M45', 33296.27, 1544.82, 2164.26, '2023-10-04 15:28:06', false, NULL, 987.26, 116, 26249.72, 0.79, 4696.34, 377, 3, NULL, '04a909da-8b60-4e55-8d35-ed14165b7dd9'),
	(467, '13337', 'Audi Coupe GT', 34074.28, 1510.43, 2214.83, '2023-10-05 11:46:38', false, NULL, 471.77, 7, 29222.78, 0.86, 4197.03, 425, 34, NULL, 'd4af321e-76fa-41f9-b431-b5329aef060f'),
	(468, '13302', 'Porsche 718 Boxster T', 71735.15, 3355.35, 4662.78, '2023-10-06 09:23:04', true, 1641.61, NULL, NULL, NULL, NULL, 9659.74, 294, 10, NULL, '695bf799-f1aa-4d6e-992c-2c7377e23593'),
	(469, '13044', 'Mazda RX-7', 74542.51, 2641.34, 4845.26, '2023-10-06 11:03:26', false, NULL, 1312.00, 82, 72146.82, 0.97, 8798.60, 169, 42, 147, '55d08fc7-6ca7-43ea-8836-0f232fabd073'),
	(470, '13320', 'Daihatsu Charade', 86875.59, 3604.28, 5646.91, '2023-10-06 16:11:48', false, NULL, 1922.78, 37, 65073.14, 0.75, 11173.97, 455, 11, NULL, '55d08fc7-6ca7-43ea-8836-0f232fabd073'),
	(471, '13427', 'Cadillac CTS', 75192.26, 2811.36, 4887.50, '2023-10-09 15:34:36', false, NULL, 1418.90, 6, 69742.80, 0.93, 9117.76, 403, 32, NULL, '695bf799-f1aa-4d6e-992c-2c7377e23593'),
	(472, '13482', 'BMW Z4 sDrive28i', 70315.21, 2110.51, 4570.49, '2023-10-12 09:46:33', true, 1803.25, NULL, NULL, NULL, NULL, 8484.25, 41, 34, NULL, '695bf799-f1aa-4d6e-992c-2c7377e23593'),
	(473, '13349', 'Mazda 929', 87874.45, 3254.55, 5711.84, '2023-10-13 15:24:55', true, 2553.29, NULL, NULL, NULL, NULL, 11519.68, 355, 1, 11, '695bf799-f1aa-4d6e-992c-2c7377e23593'),
	(474, '13123', 'Volvo V60CC T5 AWD', 34442.83, 1649.42, 2238.78, '2023-10-13 16:27:05', true, 933.10, NULL, NULL, NULL, NULL, 4821.30, 228, 20, 35, '695bf799-f1aa-4d6e-992c-2c7377e23593'),
	(475, '13055', 'Ford F250 Pickup 4WD', 43661.09, 1344.01, 2837.97, '2023-10-15 16:08:34', true, 504.69, NULL, NULL, NULL, NULL, 4686.67, 411, 15, 125, '454c6214-76ba-45d6-b685-414b605d12f1'),
	(476, '13266', 'Chevrolet SS', 34740.86, 1559.08, 2258.16, '2023-10-18 15:21:02', true, 880.89, NULL, NULL, NULL, NULL, 4698.13, 274, 20, NULL, '95f316fb-7a7b-4af7-bffb-b1fce97d4db3'),
	(477, '13416', 'Chevrolet Malibu', 64430.13, 2302.95, 4187.96, '2023-10-19 10:24:00', true, 1091.34, NULL, NULL, NULL, NULL, 7582.25, 335, 37, NULL, '55d08fc7-6ca7-43ea-8836-0f232fabd073'),
	(478, '13099', 'Nissan Murano Hybrid AWD', 60432.62, 2075.40, 3928.12, '2023-10-19 10:36:50', true, 1535.03, NULL, NULL, NULL, NULL, 7538.55, 32, 27, 101, '55d08fc7-6ca7-43ea-8836-0f232fabd073'),
	(479, '13215', 'Chevrolet Cavalier Wagon', 45692.01, 1630.43, 2969.98, '2023-10-19 10:54:58', true, 1288.41, NULL, NULL, NULL, NULL, 5888.82, 108, 20, NULL, 'a9192724-e4e3-4e92-99c0-6c4302739d5f'),
	(480, '13314', 'Ford Shelby GT500 Mustang', 28604.14, 965.41, 1859.27, '2023-10-22 10:46:47', false, NULL, 296.86, 104, 23285.36, 0.81, 3121.54, 245, 43, 76, '95f316fb-7a7b-4af7-bffb-b1fce97d4db3'),
	(481, '13195', 'Volkswagen Jetta', 86044.68, 2966.97, 5592.90, '2023-10-22 14:22:23', true, 1992.38, NULL, NULL, NULL, NULL, 10552.25, 160, 30, 131, '55d08fc7-6ca7-43ea-8836-0f232fabd073'),
	(482, '13360', 'Mercedes-Benz AMG GT C Coupe', 61582.60, 2273.59, 4002.87, '2023-10-22 16:45:49', true, 1760.07, NULL, NULL, NULL, NULL, 8036.53, 9, 43, 67, 'fdca7ef1-11db-421f-b3fd-0d9444c31c1a'),
	(483, '13495', 'Nissan Frontier 4WD', 27386.91, 942.95, 1780.15, '2023-10-23 14:23:09', true, 382.14, NULL, NULL, NULL, NULL, 3105.24, 338, 14, NULL, '695bf799-f1aa-4d6e-992c-2c7377e23593'),
	(484, '13164', 'Chevrolet Sprint', 61578.86, 2344.89, 4002.63, '2023-10-24 09:23:42', true, 1345.70, NULL, NULL, NULL, NULL, 7693.22, 404, 31, 110, '55d08fc7-6ca7-43ea-8836-0f232fabd073'),
	(485, '13345', 'Kia Sephia', 31545.41, 1235.36, 2050.45, '2023-10-25 14:57:33', false, NULL, 607.03, 34, 24062.79, 0.76, 3892.84, 60, 43, 7, '695bf799-f1aa-4d6e-992c-2c7377e23593'),
	(486, '13386', 'Infiniti FX45 AWD', 61139.50, 2958.32, 3974.07, '2023-10-27 11:51:47', true, 1715.06, NULL, NULL, NULL, NULL, 8647.45, 38, 32, NULL, '04a909da-8b60-4e55-8d35-ed14165b7dd9'),
	(487, '13193', 'Ford Ranger Pickup 4WD', 37248.73, 1845.93, 2421.17, '2023-10-27 17:42:56', true, 818.66, NULL, NULL, NULL, NULL, 5085.76, 364, 26, NULL, '4ff2a2d7-09a1-4d26-81e1-55fcf9b0f49b'),
	(488, '13067', 'Buick Skylark', 76660.88, 3543.28, 4982.96, '2023-10-28 10:15:37', false, NULL, 1933.68, 30, 75916.10, 0.99, 10459.92, 116, 30, NULL, 'fdca7ef1-11db-421f-b3fd-0d9444c31c1a'),
	(489, '13106', 'BMW M5', 29835.66, 1061.50, 1939.32, '2023-10-29 15:59:22', false, NULL, 715.10, 87, 28855.16, 0.97, 3715.92, 365, 21, NULL, '55d08fc7-6ca7-43ea-8836-0f232fabd073'),
	(490, '13373', 'Volvo 240 DL/GL/turbo', 67364.88, 2880.99, 4378.72, '2023-10-29 17:21:40', false, NULL, 740.03, 79, 64212.03, 0.95, 7999.74, 246, 6, NULL, 'a9192724-e4e3-4e92-99c0-6c4302739d5f'),
	(491, '13036', 'Mercedes-Benz 500SEC', 75447.50, 2872.74, 4904.09, '2023-10-30 11:13:10', true, 801.21, NULL, NULL, NULL, NULL, 8578.04, 12, 5, NULL, '04a909da-8b60-4e55-8d35-ed14165b7dd9'),
	(492, '13474', 'Jaguar F-Type S Convertible', 64600.85, 2987.73, 4199.06, '2023-10-31 09:39:18', true, 1851.14, NULL, NULL, NULL, NULL, 9037.93, 325, 22, NULL, '695bf799-f1aa-4d6e-992c-2c7377e23593'),
	(493, '13274', 'BMW X6 sDrive40i', 77381.77, 2877.46, 5029.82, '2023-10-31 17:32:15', true, 1814.57, NULL, NULL, NULL, NULL, 9721.85, 191, 9, NULL, '95f316fb-7a7b-4af7-bffb-b1fce97d4db3'),
	(494, '13405', 'BMW 535i', 29738.37, 1219.17, 1932.99, '2023-11-01 09:12:24', false, NULL, 767.73, 90, 27187.26, 0.91, 3919.89, 55, 25, 71, '4ff2a2d7-09a1-4d26-81e1-55fcf9b0f49b'),
	(495, '13259', 'GMC Yukon 4WD', 78086.99, 2545.59, 5075.65, '2023-11-01 15:12:52', false, NULL, 2161.55, 112, 67305.83, 0.86, 9782.79, 124, 6, NULL, 'd4af321e-76fa-41f9-b431-b5329aef060f'),
	(496, '13253', 'Dodge Caravan/Grand Caravan 4WD', 66549.24, 2720.48, 4325.70, '2023-11-02 08:04:30', true, 840.02, NULL, NULL, NULL, NULL, 7886.20, 56, 26, 119, '4ff2a2d7-09a1-4d26-81e1-55fcf9b0f49b'),
	(497, '13406', 'Nissan Xterra V6 2WD', 65727.30, 2390.22, 4272.27, '2023-11-02 10:32:55', true, 1251.18, NULL, NULL, NULL, NULL, 7913.67, 54, 42, NULL, '64acbdd7-4d8f-4530-a390-cfd110ac6644'),
	(498, '13376', 'Porsche Panamera 4S', 54116.00, 2203.45, 3517.54, '2023-11-02 13:38:01', false, NULL, 682.73, 3, 43949.48, 0.81, 6403.72, 90, 13, NULL, '64acbdd7-4d8f-4530-a390-cfd110ac6644'),
	(499, '13230', 'Chrysler Town and Country/Voyager/Grand Voy. 2WD', 31176.80, 1376.31, 155.88, '2023-11-02 17:33:20', true, 794.55, NULL, NULL, NULL, NULL, 2326.74, 94, NULL, 96, '55d08fc7-6ca7-43ea-8836-0f232fabd073'),
	(500, '13135', 'Kia Soul', 46799.92, 2319.06, 3041.99, '2023-11-03 15:53:08', false, NULL, 674.97, 88, 42757.68, 0.91, 6036.02, 365, 31, NULL, 'fdca7ef1-11db-421f-b3fd-0d9444c31c1a');


--
-- Data for Name: Notifications; Type: TABLE DATA; Schema: public; Owner: postgres
--

-- UNUSED IN IMPLEMENTATION, NO DATA INCLUDED --

--
-- Data for Name: ReferencePages; Type: TABLE DATA; Schema: public; Owner: postgres
--
INSERT INTO "public"."ReferencePages" ("id", "pagename", "pagebody") VALUES
(2, 'Reference Page 2', 'Lorem ipsum dolor sit amet, consectetur adipiscing elit. Duis mattis magna mi, vel laoreet mauris placerat sit amet. Nulla sagittis urna dictum hendrerit vestibulum. Donec massa enim, malesuada sit amet enim at, fermentum ullamcorper dolor. Quisque non nunc mi. Curabitur urna mauris, pellentesque id lorem non, gravida posuere metus. Suspendisse potenti. Donec accumsan in purus pretium rhoncus. Integer sollicitudin ante sed quam sodales, eu auctor neque sodales. Donec vitae rutrum ligula, suscipit ultrices neque. Fusce feugiat gravida nunc, sed tincidunt massa finibus in. Vivamus convallis maximus mi sed vehicula. In vitae tortor consequat massa varius luctus at sed sem. Curabitur efficitur ligula hendrerit quam vestibulum placerat. Maecenas dapibus, mi vel consequat rutrum, tellus dolor porttitor metus, sit amet venenatis nibh nunc in arcu. Suspendisse eu convallis velit, ac lacinia neque. Etiam a nulla vestibulum, maximus massa interdum, bibendum nisi.
Aliquam vulputate massa vel lacinia accumsan. Vivamus sit amet pellentesque libero, ut condimentum neque. Pellentesque mattis nisl sit amet velit hendrerit congue. Phasellus eu lacus libero. Morbi feugiat est ligula, malesuada auctor dolor gravida vel. Proin molestie, lacus id semper tincidunt, augue felis feugiat tortor, id dapibus dolor magna vel libero. Integer eu elit ut libero pellentesque dictum. Integer pellentesque elit vitae massa tempor, in facilisis metus malesuada. Quisque dapibus non nisl a iaculis. Morbi id sapien sit amet quam varius commodo. Sed a faucibus enim. Nunc at elit elementum, facilisis ipsum vel, pretium nulla. Morbi a ante vitae velit mollis tincidunt. Interdum et malesuada fames ac ante ipsum primis in faucibus. Donec lacinia ante quis massa feugiat blandit.
Nulla ac pretium dui, eu semper arcu. Suspendisse eget placerat dui. In luctus commodo pellentesque. Integer iaculis a ante at iaculis. Vestibulum in elit massa. Maecenas posuere lacus vel volutpat lobortis. Aliquam blandit egestas velit et auctor. '),
(3, 'Reference Page 3', 'Lorem ipsum dolor sit amet, consectetur adipiscing elit. Fusce pharetra, lectus vel tempor auctor, dolor magna mollis massa, id bibendum mauris ex in tortor. Vestibulum tempus erat nec ligula efficitur, id malesuada ex dignissim. Nunc sed lorem in lectus hendrerit posuere. Phasellus eu diam eu massa bibendum consequat id sit amet ex. Nullam vel euismod sapien. Mauris facilisis feugiat euismod. Fusce ligula sapien, ornare id rutrum a, pharetra ac urna. Pellentesque lobortis nunc nec ex aliquet maximus. Fusce imperdiet et orci vitae laoreet. Vestibulum quis nisl maximus, interdum dui eu, faucibus mauris. Fusce non risus sed nibh egestas finibus at ut justo. Donec vulputate, lectus vitae ornare ultrices, arcu augue posuere nisl, quis scelerisque velit sapien id mauris. Integer ac ipsum convallis orci tincidunt eleifend. Sed ut mattis lorem, in convallis magna. Suspendisse porttitor erat quis hendrerit interdum.
Praesent sit amet mauris non dui iaculis aliquet. Sed diam arcu, tristique a auctor eget, tempor posuere metus. Donec scelerisque pretium urna non facilisis. Aenean non odio efficitur, dapibus nibh quis, vestibulum elit. Phasellus auctor consequat orci sit amet fringilla. Pellentesque a vehicula ligula. Phasellus sapien elit, faucibus suscipit pellentesque in, egestas blandit justo. Phasellus suscipit tortor in auctor lacinia. Nam risus mauris, finibus in risus vitae, porta ultrices augue. Cras mollis fringilla eleifend. Suspendisse id posuere diam. Vivamus varius ipsum ac enim mattis consequat. Vivamus mi nisl, accumsan in blandit sed, aliquam nec elit.
Aliquam erat volutpat. Quisque vestibulum sit amet velit sit amet molestie. Nam dictum felis non congue gravida. In mollis purus nec nunc vulputate, ac bibendum augue rhoncus. Aenean porta euismod orci. Fusce consectetur turpis in libero tristique, sed consectetur purus pretium. Duis quis arcu bibendum, pretium justo eget, gravida ipsum. Sed vulputate ac purus sit amet gravida. Proin ultricies felis laoreet arcu efficitur efficitur. Donec tempor porta risus, ut aliquam quam iaculis ut. Fusce id tristique justo. Etiam feugiat eros eget velit dictum, sit amet consequat nulla tempor. Curabitur ut massa augue. Pellentesque habitant morbi tristique senectus et netus et malesuada fames ac turpis egestas. Cras malesuada tristique dictum. Vestibulum posuere fringilla eros, nec tempus urna molestie et. '),
(4, 'Reference Page 4', 'Lorem ipsum dolor sit amet, consectetur adipiscing elit. Pellentesque auctor ante eros, ac semper quam iaculis non. Etiam nec felis laoreet, sagittis libero in, sodales nunc. Duis sagittis lacus ac molestie auctor. Donec tellus lorem, malesuada sed tincidunt et, semper quis tortor. Orci varius natoque penatibus et magnis dis parturient montes, nascetur ridiculus mus. Praesent nulla justo, sollicitudin et euismod non, vulputate vel arcu. Vestibulum rutrum a mauris vel commodo. Duis sed faucibus neque. Nunc ipsum erat, blandit sagittis turpis a, malesuada fringilla dui.
Vestibulum vitae blandit quam. Ut feugiat dapibus lorem, vitae molestie nisl rhoncus ac. Suspendisse vitae aliquet magna, sit amet ornare augue. Nunc viverra, elit consequat gravida tempor, diam lacus feugiat enim, sed laoreet lacus ipsum a lorem. Sed elementum justo purus, id pulvinar orci dapibus quis. Praesent iaculis, lorem non accumsan tristique, nulla massa malesuada massa, vitae tincidunt massa dui faucibus diam. Donec et malesuada ligula. Nulla elit mauris, suscipit rutrum lectus eu, pellentesque tincidunt diam. Nulla sodales nunc risus, quis gravida metus cursus eu.
Sed id sapien congue, suscipit massa nec, ullamcorper magna. Ut ac dictum libero. Morbi vitae mauris porta, tristique tortor at, gravida ligula. Morbi felis ex, viverra ac sem eget, tristique suscipit erat. Donec vitae erat rhoncus lectus cursus viverra. Fusce iaculis vitae nisl et mollis. Aenean molestie magna mi, at sodales tellus egestas et. Quisque tempor semper pharetra. Suspendisse odio est, mollis in orci vel, rutrum ultricies urna. '),
(5, 'Reference Page 5', 'Lorem ipsum dolor sit amet, consectetur adipiscing elit. In at egestas sem. Vestibulum ante ipsum primis in faucibus orci luctus et ultrices posuere cubilia curae; Etiam eget euismod enim, in viverra mi. Aliquam posuere egestas consequat. Class aptent taciti sociosqu ad litora torquent per conubia nostra, per inceptos himenaeos. Fusce commodo ac erat eu scelerisque. Maecenas accumsan elit quis mauris commodo, vel faucibus erat vulputate.
Praesent a accumsan elit. Nam laoreet ultrices tellus nec ornare. Cras non accumsan erat. Ut dignissim fermentum mauris, ut efficitur neque bibendum at. In vitae quam et eros porttitor viverra. Suspendisse pharetra lobortis nisi quis tincidunt. Aliquam vitae tempor dui, eu auctor lorem. Pellentesque elementum ligula vel urna auctor, non malesuada est lacinia. Nam vulputate enim consequat, consectetur dui nec, porta risus. Phasellus ultrices non est non porttitor. Phasellus auctor tempus ante, et vestibulum risus pellentesque sed. Integer non ante et sapien placerat suscipit. Phasellus sed vestibulum mauris. Donec ultrices ex ut ornare cursus. Ut ultricies erat at quam tempor, et ullamcorper nibh porta. Nullam id nibh at neque mattis ornare.
In fringilla hendrerit blandit. Sed varius scelerisque purus. Aliquam egestas ante nulla, sed fermentum tellus scelerisque in. Nullam volutpat a mi eu scelerisque. Nulla ut lacus tempus, laoreet nisi maximus, sagittis nunc. Integer fringilla risus eget sagittis tincidunt. Donec ultrices nisl sit amet quam vulputate, a convallis orci elementum. Phasellus nec elit nec risus viverra lobortis. In quis ipsum consectetur, laoreet quam accumsan, accumsan eros. Praesent semper efficitur sapien, a rhoncus tortor porta gravida. '),
(1, 'Reference Page 1', 'Lorem ipsum dolor sit amet, consectetur adipiscing elit. Phasellus vulputate ac metus placerat lacinia. Curabitur ac tortor commodo, hendrerit lacus vel, scelerisque velit. Pellentesque ullamcorper sollicitudin sagittis. Integer quis varius est, accumsan viverra ante. Suspendisse consequat imperdiet neque, id placerat felis varius a. Maecenas tempor dui eget lectus congue ultricies. In hac habitasse platea dictumst.
Mauris maximus, dolor vel commodo feugiat, ex felis maximus ex, maximus consequat magna erat eu est. Phasellus condimentum tellus sed enim hendrerit pharetra. Ut et convallis nisl. Aenean pulvinar scelerisque finibus. Vestibulum vehicula enim eget ipsum fringilla, a sollicitudin eros laoreet. Praesent elementum turpis vel suscipit porta. Donec sit amet arcu eu neque molestie luctus a at felis. Nunc ultricies mi nec eros interdum bibendum quis non nulla. Ut egestas sem vel nisi tempor, ut iaculis velit mattis. Mauris mollis, metus vitae suscipit tincidunt, sapien erat venenatis odio, sit amet blandit libero lacus at mi. Maecenas blandit elit convallis, pharetra neque vitae, accumsan dui.
Duis hendrerit tellus pharetra turpis volutpat hendrerit. Phasellus elit tortor, placerat et sapien sed, egestas euismod justo. Vestibulum maximus sapien sollicitudin, congue mauris ut, condimentum nulla. Donec suscipit dolor at est tempor fringilla et in massa. Donec est massa, aliquet vel nibh egestas, posuere facilisis elit. Nullam at quam posuere, placerat orci a, laoreet ante. Nunc at eros varius, porta metus vitae, feugiat nulla. Etiam ornare gravida ipsum at porttitor. Sed dui lectus, sodales in ornare at, pretium at tortor. Nulla urna eros, aliquet ut nunc nec, accumsan consectetur sapien. Mauris ac vehicula lectus, ac aliquet metus. Sed auctor enim libero, a lobortis tortor pretium vitae. Cras porttitor ut nisi vitae dapibus. ');


--
-- Data for Name: SalesGoals; Type: TABLE DATA; Schema: public; Owner: postgres
--

INSERT INTO "public"."SalesGoals" ("id", "Name", "Description", "StartDate", "EndDate", "TotalGoal", "Creator") VALUES
	(1, 'goal 1', 'Lorem ipsum dolor sit amet, consectetur adipiscing elit. Nullam scelerisque, ipsum eu vehiculaultricies, ligula dui, non faucibus ligula justo in massa. Fusce sollicitudin metus eget ligula tristique commodo. Donec a tristique dolor. Curabitur id tellus sit amet metus mollis dictum. Ut dictum cursus placerat. Cras sed interdum orci. Donec laoreet elit ac leo vulputate, nonporttitor erat placerat. Cras ut est vel sem sodales imperdiet sit amet nec est. Quisque at risus ligula.', '2022-11-01 00:00:00', '2022-12-01 00:00:00', 301482.33, '95f316fb-7a7b-4af7-bffb-b1fce97d4db3'),
	(2, 'goal 2', 'Lorem ipsum dolor sit amet, consectetur adipiscing elit. Nullam scelerisque, ipsum eu vehiculaultricies, ligula dui, non faucibus ligula justo in massa. Fusce sollicitudin metus eget ligula tristique commodo. Donec a tristique dolor. Curabitur id tellus sit amet metus mollis dictum. Ut dictum cursus placerat. Cras sed interdum orci. Donec laoreet elit ac leo vulputate, nonporttitor erat placerat. Cras ut est vel sem sodales imperdiet sit amet nec est. Quisque at risus ligula.', '2022-12-01 00:00:00', '2022-12-31 00:00:00', 469129.97, '695bf799-f1aa-4d6e-992c-2c7377e23593'),
	(3, 'goal 3', 'Lorem ipsum dolor sit amet, consectetur adipiscing elit. Nullam scelerisque, ipsum eu vehiculaultricies, ligula dui, non faucibus ligula justo in massa. Fusce sollicitudin metus eget ligula tristique commodo. Donec a tristique dolor. Curabitur id tellus sit amet metus mollis dictum. Ut dictum cursus placerat. Cras sed interdum orci. Donec laoreet elit ac leo vulputate, nonporttitor erat placerat. Cras ut est vel sem sodales imperdiet sit amet nec est. Quisque at risus ligula.', '2023-01-01 00:00:00', '2023-01-31 00:00:00', 311806.04, '55d08fc7-6ca7-43ea-8836-0f232fabd073'),
	(4, 'goal 4', 'Lorem ipsum dolor sit amet, consectetur adipiscing elit. Nullam scelerisque, ipsum eu vehiculaultricies, ligula dui, non faucibus ligula justo in massa. Fusce sollicitudin metus eget ligula tristique commodo. Donec a tristique dolor. Curabitur id tellus sit amet metus mollis dictum. Ut dictum cursus placerat. Cras sed interdum orci. Donec laoreet elit ac leo vulputate, nonporttitor erat placerat. Cras ut est vel sem sodales imperdiet sit amet nec est. Quisque at risus ligula.', '2023-02-01 00:00:00', '2023-03-03 00:00:00', 308632.39, 'fdca7ef1-11db-421f-b3fd-0d9444c31c1a'),
	(5, 'goal 5', 'Lorem ipsum dolor sit amet, consectetur adipiscing elit. Nullam scelerisque, ipsum eu vehiculaultricies, ligula dui, non faucibus ligula justo in massa. Fusce sollicitudin metus eget ligula tristique commodo. Donec a tristique dolor. Curabitur id tellus sit amet metus mollis dictum. Ut dictum cursus placerat. Cras sed interdum orci. Donec laoreet elit ac leo vulputate, nonporttitor erat placerat. Cras ut est vel sem sodales imperdiet sit amet nec est. Quisque at risus ligula.', '2023-03-01 00:00:00', '2023-03-31 00:00:00', 432157.36, 'd4af321e-76fa-41f9-b431-b5329aef060f'),
	(6, 'goal 6', 'Lorem ipsum dolor sit amet, consectetur adipiscing elit. Nullam scelerisque, ipsum eu vehiculaultricies, ligula dui, non faucibus ligula justo in massa. Fusce sollicitudin metus eget ligula tristique commodo. Donec a tristique dolor. Curabitur id tellus sit amet metus mollis dictum. Ut dictum cursus placerat. Cras sed interdum orci. Donec laoreet elit ac leo vulputate, nonporttitor erat placerat. Cras ut est vel sem sodales imperdiet sit amet nec est. Quisque at risus ligula.', '2023-04-01 00:00:00', '2023-05-01 00:00:00', 230414.74, '04a909da-8b60-4e55-8d35-ed14165b7dd9'),
	(7, 'goal 7', 'Lorem ipsum dolor sit amet, consectetur adipiscing elit. Nullam scelerisque, ipsum eu vehiculaultricies, ligula dui, non faucibus ligula justo in massa. Fusce sollicitudin metus eget ligula tristique commodo. Donec a tristique dolor. Curabitur id tellus sit amet metus mollis dictum. Ut dictum cursus placerat. Cras sed interdum orci. Donec laoreet elit ac leo vulputate, nonporttitor erat placerat. Cras ut est vel sem sodales imperdiet sit amet nec est. Quisque at risus ligula.', '2023-05-01 00:00:00', '2023-05-31 00:00:00', 408311.99, '454c6214-76ba-45d6-b685-414b605d12f1'),
	(8, 'goal 8', 'Lorem ipsum dolor sit amet, consectetur adipiscing elit. Nullam scelerisque, ipsum eu vehiculaultricies, ligula dui, non faucibus ligula justo in massa. Fusce sollicitudin metus eget ligula tristique commodo. Donec a tristique dolor. Curabitur id tellus sit amet metus mollis dictum. Ut dictum cursus placerat. Cras sed interdum orci. Donec laoreet elit ac leo vulputate, nonporttitor erat placerat. Cras ut est vel sem sodales imperdiet sit amet nec est. Quisque at risus ligula.', '2023-06-01 00:00:00', '2023-07-01 00:00:00', 217963.61, '454c6214-76ba-45d6-b685-414b605d12f1'),
	(9, 'goal 9', 'Lorem ipsum dolor sit amet, consectetur adipiscing elit. Nullam scelerisque, ipsum eu vehiculaultricies, ligula dui, non faucibus ligula justo in massa. Fusce sollicitudin metus eget ligula tristique commodo. Donec a tristique dolor. Curabitur id tellus sit amet metus mollis dictum. Ut dictum cursus placerat. Cras sed interdum orci. Donec laoreet elit ac leo vulputate, nonporttitor erat placerat. Cras ut est vel sem sodales imperdiet sit amet nec est. Quisque at risus ligula.', '2023-07-01 00:00:00', '2023-07-31 00:00:00', 227682.79, '4ff2a2d7-09a1-4d26-81e1-55fcf9b0f49b'),
	(10, 'goal 10', 'Lorem ipsum dolor sit amet, consectetur adipiscing elit. Nullam scelerisque, ipsum eu vehiculaultricies, ligula dui, non faucibus ligula justo in massa. Fusce sollicitudin metus eget ligula tristique commodo. Donec a tristique dolor. Curabitur id tellus sit amet metus mollis dictum. Ut dictum cursus placerat. Cras sed interdum orci. Donec laoreet elit ac leo vulputate, nonporttitor erat placerat. Cras ut est vel sem sodales imperdiet sit amet nec est. Quisque at risus ligula.', '2023-08-01 00:00:00', '2023-08-31 00:00:00', 417179.15, '55d08fc7-6ca7-43ea-8836-0f232fabd073'),
	(11, 'goal 11', 'Lorem ipsum dolor sit amet, consectetur adipiscing elit. Nullam scelerisque, ipsum eu vehiculaultricies, ligula dui, non faucibus ligula justo in massa. Fusce sollicitudin metus eget ligula tristique commodo. Donec a tristique dolor. Curabitur id tellus sit amet metus mollis dictum. Ut dictum cursus placerat. Cras sed interdum orci. Donec laoreet elit ac leo vulputate, nonporttitor erat placerat. Cras ut est vel sem sodales imperdiet sit amet nec est. Quisque at risus ligula.', '2023-09-01 00:00:00', '2023-10-01 00:00:00', 269876.50, '49c1f0b7-b011-43f4-b6fb-d1458d7ab298'),
	(12, 'goal 12', 'Lorem ipsum dolor sit amet, consectetur adipiscing elit. Nullam scelerisque, ipsum eu vehiculaultricies, ligula dui, non faucibus ligula justo in massa. Fusce sollicitudin metus eget ligula tristique commodo. Donec a tristique dolor. Curabitur id tellus sit amet metus mollis dictum. Ut dictum cursus placerat. Cras sed interdum orci. Donec laoreet elit ac leo vulputate, nonporttitor erat placerat. Cras ut est vel sem sodales imperdiet sit amet nec est. Quisque at risus ligula.', '2023-10-01 00:00:00', '2023-10-31 00:00:00', 251422.14, '95f316fb-7a7b-4af7-bffb-b1fce97d4db3'),
	(13, 'goal 13', 'Lorem ipsum dolor sit amet, consectetur adipiscing elit. Nullam scelerisque, ipsum eu vehiculaultricies, ligula dui, non faucibus ligula justo in massa. Fusce sollicitudin metus eget ligula tristique commodo. Donec a tristique dolor. Curabitur id tellus sit amet metus mollis dictum. Ut dictum cursus placerat. Cras sed interdum orci. Donec laoreet elit ac leo vulputate, nonporttitor erat placerat. Cras ut est vel sem sodales imperdiet sit amet nec est. Quisque at risus ligula.', '2023-11-01 00:00:00', '2023-12-01 00:00:00', 55765.70, '64acbdd7-4d8f-4530-a390-cfd110ac6644');


--
-- Data for Name: Tasks; Type: TABLE DATA; Schema: public; Owner: postgres
--

INSERT INTO "public"."Tasks" ("id", "Name", "Description", "StartDate", "EndDate", "Assignee", "Creator", "Status") VALUES
	(1, 'task 1', 'Lorem ipsum dolor sit amet, consectetur adipiscing elit. Nullam scelerisque, ipsum eu vehiculaultricies, ligula dui, non faucibus ligula justo in massa. Fusce sollicitudin metus eget ligula tristique commodo. Donec a tristique dolor. Curabitur id tellus sit amet metus mollis dictum. Ut dictum cursus placerat. Cras sed interdum orci. Donec laoreet elit ac leo vulputate, nonporttitor erat placerat. Cras ut est vel sem sodales imperdiet sit amet nec est. Quisque at risus ligula.', '2022-11-23 12:49:43', '2022-12-22 12:49:43', 'fdca7ef1-11db-421f-b3fd-0d9444c31c1a', '55d08fc7-6ca7-43ea-8836-0f232fabd073', 'IN_PROGRESS'),
	(2, 'task 2', 'Lorem ipsum dolor sit amet, consectetur adipiscing elit. Nullam scelerisque, ipsum eu vehiculaultricies, ligula dui, non faucibus ligula justo in massa. Fusce sollicitudin metus eget ligula tristique commodo. Donec a tristique dolor. Curabitur id tellus sit amet metus mollis dictum. Ut dictum cursus placerat. Cras sed interdum orci. Donec laoreet elit ac leo vulputate, nonporttitor erat placerat. Cras ut est vel sem sodales imperdiet sit amet nec est. Quisque at risus ligula.', '2022-11-23 12:49:43', '2022-12-04 12:49:43', '61450cb2-6466-4637-8222-9bc32d573df3', 'a9192724-e4e3-4e92-99c0-6c4302739d5f', 'IN_PROGRESS'),
	(3, 'task 3', 'Lorem ipsum dolor sit amet, consectetur adipiscing elit. Nullam scelerisque, ipsum eu vehiculaultricies, ligula dui, non faucibus ligula justo in massa. Fusce sollicitudin metus eget ligula tristique commodo. Donec a tristique dolor. Curabitur id tellus sit amet metus mollis dictum. Ut dictum cursus placerat. Cras sed interdum orci. Donec laoreet elit ac leo vulputate, nonporttitor erat placerat. Cras ut est vel sem sodales imperdiet sit amet nec est. Quisque at risus ligula.', '2022-11-23 12:49:43', '2022-12-04 12:49:43', '478cab80-8323-4a74-bc4c-c1447576767a', '04a909da-8b60-4e55-8d35-ed14165b7dd9', 'IN_PROGRESS'),
	(4, 'task 4', 'Lorem ipsum dolor sit amet, consectetur adipiscing elit. Nullam scelerisque, ipsum eu vehiculaultricies, ligula dui, non faucibus ligula justo in massa. Fusce sollicitudin metus eget ligula tristique commodo. Donec a tristique dolor. Curabitur id tellus sit amet metus mollis dictum. Ut dictum cursus placerat. Cras sed interdum orci. Donec laoreet elit ac leo vulputate, nonporttitor erat placerat. Cras ut est vel sem sodales imperdiet sit amet nec est. Quisque at risus ligula.', '2022-11-23 12:49:43', '2022-12-16 12:49:43', '04a909da-8b60-4e55-8d35-ed14165b7dd9', '49c1f0b7-b011-43f4-b6fb-d1458d7ab298', 'IN_PROGRESS'),
	(5, 'task 5', 'Lorem ipsum dolor sit amet, consectetur adipiscing elit. Nullam scelerisque, ipsum eu vehiculaultricies, ligula dui, non faucibus ligula justo in massa. Fusce sollicitudin metus eget ligula tristique commodo. Donec a tristique dolor. Curabitur id tellus sit amet metus mollis dictum. Ut dictum cursus placerat. Cras sed interdum orci. Donec laoreet elit ac leo vulputate, nonporttitor erat placerat. Cras ut est vel sem sodales imperdiet sit amet nec est. Quisque at risus ligula.', '2022-11-23 12:49:43', '2022-12-22 12:49:43', '55d08fc7-6ca7-43ea-8836-0f232fabd073', '64acbdd7-4d8f-4530-a390-cfd110ac6644', 'IN_PROGRESS'),
	(6, 'task 6', 'Lorem ipsum dolor sit amet, consectetur adipiscing elit. Nullam scelerisque, ipsum eu vehiculaultricies, ligula dui, non faucibus ligula justo in massa. Fusce sollicitudin metus eget ligula tristique commodo. Donec a tristique dolor. Curabitur id tellus sit amet metus mollis dictum. Ut dictum cursus placerat. Cras sed interdum orci. Donec laoreet elit ac leo vulputate, nonporttitor erat placerat. Cras ut est vel sem sodales imperdiet sit amet nec est. Quisque at risus ligula.', '2022-11-23 12:49:43', '2022-12-21 12:49:43', '55d08fc7-6ca7-43ea-8836-0f232fabd073', '4ff2a2d7-09a1-4d26-81e1-55fcf9b0f49b', 'IN_PROGRESS'),
	(7, 'task 7', 'Lorem ipsum dolor sit amet, consectetur adipiscing elit. Nullam scelerisque, ipsum eu vehiculaultricies, ligula dui, non faucibus ligula justo in massa. Fusce sollicitudin metus eget ligula tristique commodo. Donec a tristique dolor. Curabitur id tellus sit amet metus mollis dictum. Ut dictum cursus placerat. Cras sed interdum orci. Donec laoreet elit ac leo vulputate, nonporttitor erat placerat. Cras ut est vel sem sodales imperdiet sit amet nec est. Quisque at risus ligula.', '2022-11-23 12:49:43', '2022-12-03 12:49:43', 'a9192724-e4e3-4e92-99c0-6c4302739d5f', '95f316fb-7a7b-4af7-bffb-b1fce97d4db3', 'IN_PROGRESS'),
	(8, 'task 8', 'Lorem ipsum dolor sit amet, consectetur adipiscing elit. Nullam scelerisque, ipsum eu vehiculaultricies, ligula dui, non faucibus ligula justo in massa. Fusce sollicitudin metus eget ligula tristique commodo. Donec a tristique dolor. Curabitur id tellus sit amet metus mollis dictum. Ut dictum cursus placerat. Cras sed interdum orci. Donec laoreet elit ac leo vulputate, nonporttitor erat placerat. Cras ut est vel sem sodales imperdiet sit amet nec est. Quisque at risus ligula.', '2022-11-23 12:49:43', '2022-12-01 12:49:43', 'd4af321e-76fa-41f9-b431-b5329aef060f', '478cab80-8323-4a74-bc4c-c1447576767a', 'IN_PROGRESS'),
	(9, 'task 9', 'Lorem ipsum dolor sit amet, consectetur adipiscing elit. Nullam scelerisque, ipsum eu vehiculaultricies, ligula dui, non faucibus ligula justo in massa. Fusce sollicitudin metus eget ligula tristique commodo. Donec a tristique dolor. Curabitur id tellus sit amet metus mollis dictum. Ut dictum cursus placerat. Cras sed interdum orci. Donec laoreet elit ac leo vulputate, nonporttitor erat placerat. Cras ut est vel sem sodales imperdiet sit amet nec est. Quisque at risus ligula.', '2022-11-23 12:49:43', '2022-12-15 12:49:43', '95f316fb-7a7b-4af7-bffb-b1fce97d4db3', '61450cb2-6466-4637-8222-9bc32d573df3', 'IN_PROGRESS'),
	(10, 'task 10', 'Lorem ipsum dolor sit amet, consectetur adipiscing elit. Nullam scelerisque, ipsum eu vehiculaultricies, ligula dui, non faucibus ligula justo in massa. Fusce sollicitudin metus eget ligula tristique commodo. Donec a tristique dolor. Curabitur id tellus sit amet metus mollis dictum. Ut dictum cursus placerat. Cras sed interdum orci. Donec laoreet elit ac leo vulputate, nonporttitor erat placerat. Cras ut est vel sem sodales imperdiet sit amet nec est. Quisque at risus ligula.', '2022-11-23 12:49:43', '2022-12-16 12:49:43', '32a576d0-4281-4d69-ac93-d4abd6eaa14c', '61450cb2-6466-4637-8222-9bc32d573df3', 'IN_PROGRESS'),
	(11, 'task 11', 'Lorem ipsum dolor sit amet, consectetur adipiscing elit. Nullam scelerisque, ipsum eu vehiculaultricies, ligula dui, non faucibus ligula justo in massa. Fusce sollicitudin metus eget ligula tristique commodo. Donec a tristique dolor. Curabitur id tellus sit amet metus mollis dictum. Ut dictum cursus placerat. Cras sed interdum orci. Donec laoreet elit ac leo vulputate, nonporttitor erat placerat. Cras ut est vel sem sodales imperdiet sit amet nec est. Quisque at risus ligula.', '2022-11-23 12:49:43', '2022-12-10 12:49:43', '95f316fb-7a7b-4af7-bffb-b1fce97d4db3', '55d08fc7-6ca7-43ea-8836-0f232fabd073', 'IN_PROGRESS'),
	(12, 'task 12', 'Lorem ipsum dolor sit amet, consectetur adipiscing elit. Nullam scelerisque, ipsum eu vehiculaultricies, ligula dui, non faucibus ligula justo in massa. Fusce sollicitudin metus eget ligula tristique commodo. Donec a tristique dolor. Curabitur id tellus sit amet metus mollis dictum. Ut dictum cursus placerat. Cras sed interdum orci. Donec laoreet elit ac leo vulputate, nonporttitor erat placerat. Cras ut est vel sem sodales imperdiet sit amet nec est. Quisque at risus ligula.', '2022-11-23 12:49:43', '2022-12-18 12:49:43', '478cab80-8323-4a74-bc4c-c1447576767a', '55d08fc7-6ca7-43ea-8836-0f232fabd073', 'IN_PROGRESS'),
	(13, 'task 13', 'Lorem ipsum dolor sit amet, consectetur adipiscing elit. Nullam scelerisque, ipsum eu vehiculaultricies, ligula dui, non faucibus ligula justo in massa. Fusce sollicitudin metus eget ligula tristique commodo. Donec a tristique dolor. Curabitur id tellus sit amet metus mollis dictum. Ut dictum cursus placerat. Cras sed interdum orci. Donec laoreet elit ac leo vulputate, nonporttitor erat placerat. Cras ut est vel sem sodales imperdiet sit amet nec est. Quisque at risus ligula.', '2022-11-23 12:49:43', '2022-12-22 12:49:43', '49c1f0b7-b011-43f4-b6fb-d1458d7ab298', '695bf799-f1aa-4d6e-992c-2c7377e23593', 'IN_PROGRESS'),
	(14, 'task 14', 'Lorem ipsum dolor sit amet, consectetur adipiscing elit. Nullam scelerisque, ipsum eu vehiculaultricies, ligula dui, non faucibus ligula justo in massa. Fusce sollicitudin metus eget ligula tristique commodo. Donec a tristique dolor. Curabitur id tellus sit amet metus mollis dictum. Ut dictum cursus placerat. Cras sed interdum orci. Donec laoreet elit ac leo vulputate, nonporttitor erat placerat. Cras ut est vel sem sodales imperdiet sit amet nec est. Quisque at risus ligula.', '2022-11-23 12:49:43', '2022-12-01 12:49:43', '95f316fb-7a7b-4af7-bffb-b1fce97d4db3', '04a909da-8b60-4e55-8d35-ed14165b7dd9', 'IN_PROGRESS'),
	(15, 'task 15', 'Lorem ipsum dolor sit amet, consectetur adipiscing elit. Nullam scelerisque, ipsum eu vehiculaultricies, ligula dui, non faucibus ligula justo in massa. Fusce sollicitudin metus eget ligula tristique commodo. Donec a tristique dolor. Curabitur id tellus sit amet metus mollis dictum. Ut dictum cursus placerat. Cras sed interdum orci. Donec laoreet elit ac leo vulputate, nonporttitor erat placerat. Cras ut est vel sem sodales imperdiet sit amet nec est. Quisque at risus ligula.', '2022-11-23 12:49:43', '2022-12-14 12:49:43', '55d08fc7-6ca7-43ea-8836-0f232fabd073', '95f316fb-7a7b-4af7-bffb-b1fce97d4db3', 'IN_PROGRESS'),
	(16, 'task 16', 'Lorem ipsum dolor sit amet, consectetur adipiscing elit. Nullam scelerisque, ipsum eu vehiculaultricies, ligula dui, non faucibus ligula justo in massa. Fusce sollicitudin metus eget ligula tristique commodo. Donec a tristique dolor. Curabitur id tellus sit amet metus mollis dictum. Ut dictum cursus placerat. Cras sed interdum orci. Donec laoreet elit ac leo vulputate, nonporttitor erat placerat. Cras ut est vel sem sodales imperdiet sit amet nec est. Quisque at risus ligula.', '2022-11-23 12:49:43', '2022-12-07 12:49:43', '454c6214-76ba-45d6-b685-414b605d12f1', '64acbdd7-4d8f-4530-a390-cfd110ac6644', 'IN_PROGRESS'),
	(17, 'task 17', 'Lorem ipsum dolor sit amet, consectetur adipiscing elit. Nullam scelerisque, ipsum eu vehiculaultricies, ligula dui, non faucibus ligula justo in massa. Fusce sollicitudin metus eget ligula tristique commodo. Donec a tristique dolor. Curabitur id tellus sit amet metus mollis dictum. Ut dictum cursus placerat. Cras sed interdum orci. Donec laoreet elit ac leo vulputate, nonporttitor erat placerat. Cras ut est vel sem sodales imperdiet sit amet nec est. Quisque at risus ligula.', '2022-11-23 12:49:43', '2022-12-01 12:49:43', 'fdca7ef1-11db-421f-b3fd-0d9444c31c1a', '49c1f0b7-b011-43f4-b6fb-d1458d7ab298', 'IN_PROGRESS'),
	(18, 'task 18', 'Lorem ipsum dolor sit amet, consectetur adipiscing elit. Nullam scelerisque, ipsum eu vehiculaultricies, ligula dui, non faucibus ligula justo in massa. Fusce sollicitudin metus eget ligula tristique commodo. Donec a tristique dolor. Curabitur id tellus sit amet metus mollis dictum. Ut dictum cursus placerat. Cras sed interdum orci. Donec laoreet elit ac leo vulputate, nonporttitor erat placerat. Cras ut est vel sem sodales imperdiet sit amet nec est. Quisque at risus ligula.', '2022-11-23 12:49:43', '2022-11-30 12:49:43', '55d08fc7-6ca7-43ea-8836-0f232fabd073', '32a576d0-4281-4d69-ac93-d4abd6eaa14c', 'IN_PROGRESS'),
	(19, 'task 19', 'Lorem ipsum dolor sit amet, consectetur adipiscing elit. Nullam scelerisque, ipsum eu vehiculaultricies, ligula dui, non faucibus ligula justo in massa. Fusce sollicitudin metus eget ligula tristique commodo. Donec a tristique dolor. Curabitur id tellus sit amet metus mollis dictum. Ut dictum cursus placerat. Cras sed interdum orci. Donec laoreet elit ac leo vulputate, nonporttitor erat placerat. Cras ut est vel sem sodales imperdiet sit amet nec est. Quisque at risus ligula.', '2022-11-23 12:49:43', '2022-12-22 12:49:43', '454c6214-76ba-45d6-b685-414b605d12f1', 'd4af321e-76fa-41f9-b431-b5329aef060f', 'IN_PROGRESS'),
	(20, 'task 20', 'Lorem ipsum dolor sit amet, consectetur adipiscing elit. Nullam scelerisque, ipsum eu vehiculaultricies, ligula dui, non faucibus ligula justo in massa. Fusce sollicitudin metus eget ligula tristique commodo. Donec a tristique dolor. Curabitur id tellus sit amet metus mollis dictum. Ut dictum cursus placerat. Cras sed interdum orci. Donec laoreet elit ac leo vulputate, nonporttitor erat placerat. Cras ut est vel sem sodales imperdiet sit amet nec est. Quisque at risus ligula.', '2022-11-23 12:49:43', '2022-12-20 12:49:43', '61450cb2-6466-4637-8222-9bc32d573df3', '55d08fc7-6ca7-43ea-8836-0f232fabd073', 'IN_PROGRESS'),
	(21, 'task 21', 'Lorem ipsum dolor sit amet, consectetur adipiscing elit. Nullam scelerisque, ipsum eu vehiculaultricies, ligula dui, non faucibus ligula justo in massa. Fusce sollicitudin metus eget ligula tristique commodo. Donec a tristique dolor. Curabitur id tellus sit amet metus mollis dictum. Ut dictum cursus placerat. Cras sed interdum orci. Donec laoreet elit ac leo vulputate, nonporttitor erat placerat. Cras ut est vel sem sodales imperdiet sit amet nec est. Quisque at risus ligula.', '2022-11-23 12:49:43', '2022-12-15 12:49:43', 'd4af321e-76fa-41f9-b431-b5329aef060f', '64acbdd7-4d8f-4530-a390-cfd110ac6644', 'IN_PROGRESS'),
	(22, 'task 22', 'Lorem ipsum dolor sit amet, consectetur adipiscing elit. Nullam scelerisque, ipsum eu vehiculaultricies, ligula dui, non faucibus ligula justo in massa. Fusce sollicitudin metus eget ligula tristique commodo. Donec a tristique dolor. Curabitur id tellus sit amet metus mollis dictum. Ut dictum cursus placerat. Cras sed interdum orci. Donec laoreet elit ac leo vulputate, nonporttitor erat placerat. Cras ut est vel sem sodales imperdiet sit amet nec est. Quisque at risus ligula.', '2022-11-23 12:49:43', '2022-12-11 12:49:43', '49c1f0b7-b011-43f4-b6fb-d1458d7ab298', '32a576d0-4281-4d69-ac93-d4abd6eaa14c', 'IN_PROGRESS'),
	(23, 'task 23', 'Lorem ipsum dolor sit amet, consectetur adipiscing elit. Nullam scelerisque, ipsum eu vehiculaultricies, ligula dui, non faucibus ligula justo in massa. Fusce sollicitudin metus eget ligula tristique commodo. Donec a tristique dolor. Curabitur id tellus sit amet metus mollis dictum. Ut dictum cursus placerat. Cras sed interdum orci. Donec laoreet elit ac leo vulputate, nonporttitor erat placerat. Cras ut est vel sem sodales imperdiet sit amet nec est. Quisque at risus ligula.', '2022-11-23 12:49:43', '2022-12-22 12:49:43', '55d08fc7-6ca7-43ea-8836-0f232fabd073', '95f316fb-7a7b-4af7-bffb-b1fce97d4db3', 'IN_PROGRESS'),
	(24, 'task 24', 'Lorem ipsum dolor sit amet, consectetur adipiscing elit. Nullam scelerisque, ipsum eu vehiculaultricies, ligula dui, non faucibus ligula justo in massa. Fusce sollicitudin metus eget ligula tristique commodo. Donec a tristique dolor. Curabitur id tellus sit amet metus mollis dictum. Ut dictum cursus placerat. Cras sed interdum orci. Donec laoreet elit ac leo vulputate, nonporttitor erat placerat. Cras ut est vel sem sodales imperdiet sit amet nec est. Quisque at risus ligula.', '2022-11-23 12:49:43', '2022-12-12 12:49:43', '04a909da-8b60-4e55-8d35-ed14165b7dd9', 'a9192724-e4e3-4e92-99c0-6c4302739d5f', 'IN_PROGRESS'),
	(25, 'task 25', 'Lorem ipsum dolor sit amet, consectetur adipiscing elit. Nullam scelerisque, ipsum eu vehiculaultricies, ligula dui, non faucibus ligula justo in massa. Fusce sollicitudin metus eget ligula tristique commodo. Donec a tristique dolor. Curabitur id tellus sit amet metus mollis dictum. Ut dictum cursus placerat. Cras sed interdum orci. Donec laoreet elit ac leo vulputate, nonporttitor erat placerat. Cras ut est vel sem sodales imperdiet sit amet nec est. Quisque at risus ligula.', '2022-11-23 12:49:43', '2022-12-10 12:49:43', 'a9192724-e4e3-4e92-99c0-6c4302739d5f', '04a909da-8b60-4e55-8d35-ed14165b7dd9', 'IN_PROGRESS'),
	(26, 'task 26', 'Lorem ipsum dolor sit amet, consectetur adipiscing elit. Nullam scelerisque, ipsum eu vehiculaultricies, ligula dui, non faucibus ligula justo in massa. Fusce sollicitudin metus eget ligula tristique commodo. Donec a tristique dolor. Curabitur id tellus sit amet metus mollis dictum. Ut dictum cursus placerat. Cras sed interdum orci. Donec laoreet elit ac leo vulputate, nonporttitor erat placerat. Cras ut est vel sem sodales imperdiet sit amet nec est. Quisque at risus ligula.', '2022-11-23 12:49:43', '2022-12-07 12:49:43', '55d08fc7-6ca7-43ea-8836-0f232fabd073', 'a9192724-e4e3-4e92-99c0-6c4302739d5f', 'IN_PROGRESS'),
	(27, 'task 27', 'Lorem ipsum dolor sit amet, consectetur adipiscing elit. Nullam scelerisque, ipsum eu vehiculaultricies, ligula dui, non faucibus ligula justo in massa. Fusce sollicitudin metus eget ligula tristique commodo. Donec a tristique dolor. Curabitur id tellus sit amet metus mollis dictum. Ut dictum cursus placerat. Cras sed interdum orci. Donec laoreet elit ac leo vulputate, nonporttitor erat placerat. Cras ut est vel sem sodales imperdiet sit amet nec est. Quisque at risus ligula.', '2022-11-23 12:49:43', '2022-12-08 12:49:43', 'a9192724-e4e3-4e92-99c0-6c4302739d5f', '55d08fc7-6ca7-43ea-8836-0f232fabd073', 'IN_PROGRESS'),
	(28, 'task 28', 'Lorem ipsum dolor sit amet, consectetur adipiscing elit. Nullam scelerisque, ipsum eu vehiculaultricies, ligula dui, non faucibus ligula justo in massa. Fusce sollicitudin metus eget ligula tristique commodo. Donec a tristique dolor. Curabitur id tellus sit amet metus mollis dictum. Ut dictum cursus placerat. Cras sed interdum orci. Donec laoreet elit ac leo vulputate, nonporttitor erat placerat. Cras ut est vel sem sodales imperdiet sit amet nec est. Quisque at risus ligula.', '2022-11-23 12:49:43', '2022-12-06 12:49:43', '64acbdd7-4d8f-4530-a390-cfd110ac6644', '49c1f0b7-b011-43f4-b6fb-d1458d7ab298', 'IN_PROGRESS'),
	(29, 'task 29', 'Lorem ipsum dolor sit amet, consectetur adipiscing elit. Nullam scelerisque, ipsum eu vehiculaultricies, ligula dui, non faucibus ligula justo in massa. Fusce sollicitudin metus eget ligula tristique commodo. Donec a tristique dolor. Curabitur id tellus sit amet metus mollis dictum. Ut dictum cursus placerat. Cras sed interdum orci. Donec laoreet elit ac leo vulputate, nonporttitor erat placerat. Cras ut est vel sem sodales imperdiet sit amet nec est. Quisque at risus ligula.', '2022-11-23 12:49:43', '2022-12-02 12:49:43', '55d08fc7-6ca7-43ea-8836-0f232fabd073', '64acbdd7-4d8f-4530-a390-cfd110ac6644', 'IN_PROGRESS'),
	(30, 'task 30', 'Lorem ipsum dolor sit amet, consectetur adipiscing elit. Nullam scelerisque, ipsum eu vehiculaultricies, ligula dui, non faucibus ligula justo in massa. Fusce sollicitudin metus eget ligula tristique commodo. Donec a tristique dolor. Curabitur id tellus sit amet metus mollis dictum. Ut dictum cursus placerat. Cras sed interdum orci. Donec laoreet elit ac leo vulputate, nonporttitor erat placerat. Cras ut est vel sem sodales imperdiet sit amet nec est. Quisque at risus ligula.', '2022-11-23 12:49:43', '2022-12-10 12:49:43', '61450cb2-6466-4637-8222-9bc32d573df3', 'fdca7ef1-11db-421f-b3fd-0d9444c31c1a', 'IN_PROGRESS'),
	(31, 'task 31', 'Lorem ipsum dolor sit amet, consectetur adipiscing elit. Nullam scelerisque, ipsum eu vehiculaultricies, ligula dui, non faucibus ligula justo in massa. Fusce sollicitudin metus eget ligula tristique commodo. Donec a tristique dolor. Curabitur id tellus sit amet metus mollis dictum. Ut dictum cursus placerat. Cras sed interdum orci. Donec laoreet elit ac leo vulputate, nonporttitor erat placerat. Cras ut est vel sem sodales imperdiet sit amet nec est. Quisque at risus ligula.', '2022-11-23 12:49:43', '2022-12-20 12:49:43', '55d08fc7-6ca7-43ea-8836-0f232fabd073', '04a909da-8b60-4e55-8d35-ed14165b7dd9', 'IN_PROGRESS'),
	(32, 'task 32', 'Lorem ipsum dolor sit amet, consectetur adipiscing elit. Nullam scelerisque, ipsum eu vehiculaultricies, ligula dui, non faucibus ligula justo in massa. Fusce sollicitudin metus eget ligula tristique commodo. Donec a tristique dolor. Curabitur id tellus sit amet metus mollis dictum. Ut dictum cursus placerat. Cras sed interdum orci. Donec laoreet elit ac leo vulputate, nonporttitor erat placerat. Cras ut est vel sem sodales imperdiet sit amet nec est. Quisque at risus ligula.', '2022-11-23 12:49:43', '2022-12-03 12:49:43', '55d08fc7-6ca7-43ea-8836-0f232fabd073', 'a9192724-e4e3-4e92-99c0-6c4302739d5f', 'IN_PROGRESS'),
	(33, 'task 33', 'Lorem ipsum dolor sit amet, consectetur adipiscing elit. Nullam scelerisque, ipsum eu vehiculaultricies, ligula dui, non faucibus ligula justo in massa. Fusce sollicitudin metus eget ligula tristique commodo. Donec a tristique dolor. Curabitur id tellus sit amet metus mollis dictum. Ut dictum cursus placerat. Cras sed interdum orci. Donec laoreet elit ac leo vulputate, nonporttitor erat placerat. Cras ut est vel sem sodales imperdiet sit amet nec est. Quisque at risus ligula.', '2022-11-23 12:49:43', '2022-12-03 12:49:43', '454c6214-76ba-45d6-b685-414b605d12f1', '695bf799-f1aa-4d6e-992c-2c7377e23593', 'IN_PROGRESS'),
	(34, 'task 34', 'Lorem ipsum dolor sit amet, consectetur adipiscing elit. Nullam scelerisque, ipsum eu vehiculaultricies, ligula dui, non faucibus ligula justo in massa. Fusce sollicitudin metus eget ligula tristique commodo. Donec a tristique dolor. Curabitur id tellus sit amet metus mollis dictum. Ut dictum cursus placerat. Cras sed interdum orci. Donec laoreet elit ac leo vulputate, nonporttitor erat placerat. Cras ut est vel sem sodales imperdiet sit amet nec est. Quisque at risus ligula.', '2022-11-23 12:49:43', '2022-12-10 12:49:43', '64acbdd7-4d8f-4530-a390-cfd110ac6644', '95f316fb-7a7b-4af7-bffb-b1fce97d4db3', 'IN_PROGRESS'),
	(35, 'task 35', 'Lorem ipsum dolor sit amet, consectetur adipiscing elit. Nullam scelerisque, ipsum eu vehiculaultricies, ligula dui, non faucibus ligula justo in massa. Fusce sollicitudin metus eget ligula tristique commodo. Donec a tristique dolor. Curabitur id tellus sit amet metus mollis dictum. Ut dictum cursus placerat. Cras sed interdum orci. Donec laoreet elit ac leo vulputate, nonporttitor erat placerat. Cras ut est vel sem sodales imperdiet sit amet nec est. Quisque at risus ligula.', '2022-11-23 12:49:43', '2022-11-30 12:49:43', '95f316fb-7a7b-4af7-bffb-b1fce97d4db3', '32a576d0-4281-4d69-ac93-d4abd6eaa14c', 'IN_PROGRESS'),
	(36, 'task 36', 'Lorem ipsum dolor sit amet, consectetur adipiscing elit. Nullam scelerisque, ipsum eu vehiculaultricies, ligula dui, non faucibus ligula justo in massa. Fusce sollicitudin metus eget ligula tristique commodo. Donec a tristique dolor. Curabitur id tellus sit amet metus mollis dictum. Ut dictum cursus placerat. Cras sed interdum orci. Donec laoreet elit ac leo vulputate, nonporttitor erat placerat. Cras ut est vel sem sodales imperdiet sit amet nec est. Quisque at risus ligula.', '2022-11-23 12:49:43', '2022-12-05 12:49:43', '695bf799-f1aa-4d6e-992c-2c7377e23593', '4ff2a2d7-09a1-4d26-81e1-55fcf9b0f49b', 'IN_PROGRESS'),
	(37, 'task 37', 'Lorem ipsum dolor sit amet, consectetur adipiscing elit. Nullam scelerisque, ipsum eu vehiculaultricies, ligula dui, non faucibus ligula justo in massa. Fusce sollicitudin metus eget ligula tristique commodo. Donec a tristique dolor. Curabitur id tellus sit amet metus mollis dictum. Ut dictum cursus placerat. Cras sed interdum orci. Donec laoreet elit ac leo vulputate, nonporttitor erat placerat. Cras ut est vel sem sodales imperdiet sit amet nec est. Quisque at risus ligula.', '2022-11-23 12:49:43', '2022-12-02 12:49:43', '32a576d0-4281-4d69-ac93-d4abd6eaa14c', '454c6214-76ba-45d6-b685-414b605d12f1', 'IN_PROGRESS'),
	(38, 'task 38', 'Lorem ipsum dolor sit amet, consectetur adipiscing elit. Nullam scelerisque, ipsum eu vehiculaultricies, ligula dui, non faucibus ligula justo in massa. Fusce sollicitudin metus eget ligula tristique commodo. Donec a tristique dolor. Curabitur id tellus sit amet metus mollis dictum. Ut dictum cursus placerat. Cras sed interdum orci. Donec laoreet elit ac leo vulputate, nonporttitor erat placerat. Cras ut est vel sem sodales imperdiet sit amet nec est. Quisque at risus ligula.', '2022-11-23 12:49:43', '2022-12-05 12:49:43', '32a576d0-4281-4d69-ac93-d4abd6eaa14c', '478cab80-8323-4a74-bc4c-c1447576767a', 'IN_PROGRESS'),
	(39, 'task 39', 'Lorem ipsum dolor sit amet, consectetur adipiscing elit. Nullam scelerisque, ipsum eu vehiculaultricies, ligula dui, non faucibus ligula justo in massa. Fusce sollicitudin metus eget ligula tristique commodo. Donec a tristique dolor. Curabitur id tellus sit amet metus mollis dictum. Ut dictum cursus placerat. Cras sed interdum orci. Donec laoreet elit ac leo vulputate, nonporttitor erat placerat. Cras ut est vel sem sodales imperdiet sit amet nec est. Quisque at risus ligula.', '2022-11-23 12:49:43', '2022-12-20 12:49:43', '55d08fc7-6ca7-43ea-8836-0f232fabd073', '95f316fb-7a7b-4af7-bffb-b1fce97d4db3', 'IN_PROGRESS'),
	(40, 'task 40', 'Lorem ipsum dolor sit amet, consectetur adipiscing elit. Nullam scelerisque, ipsum eu vehiculaultricies, ligula dui, non faucibus ligula justo in massa. Fusce sollicitudin metus eget ligula tristique commodo. Donec a tristique dolor. Curabitur id tellus sit amet metus mollis dictum. Ut dictum cursus placerat. Cras sed interdum orci. Donec laoreet elit ac leo vulputate, nonporttitor erat placerat. Cras ut est vel sem sodales imperdiet sit amet nec est. Quisque at risus ligula.', '2022-11-23 12:49:43', '2022-12-08 12:49:43', 'fdca7ef1-11db-421f-b3fd-0d9444c31c1a', '695bf799-f1aa-4d6e-992c-2c7377e23593', 'IN_PROGRESS'),
	(41, 'task 41', 'Lorem ipsum dolor sit amet, consectetur adipiscing elit. Nullam scelerisque, ipsum eu vehiculaultricies, ligula dui, non faucibus ligula justo in massa. Fusce sollicitudin metus eget ligula tristique commodo. Donec a tristique dolor. Curabitur id tellus sit amet metus mollis dictum. Ut dictum cursus placerat. Cras sed interdum orci. Donec laoreet elit ac leo vulputate, nonporttitor erat placerat. Cras ut est vel sem sodales imperdiet sit amet nec est. Quisque at risus ligula.', '2022-11-23 12:49:43', '2022-12-20 12:49:43', '04a909da-8b60-4e55-8d35-ed14165b7dd9', 'fdca7ef1-11db-421f-b3fd-0d9444c31c1a', 'IN_PROGRESS'),
	(42, 'task 42', 'Lorem ipsum dolor sit amet, consectetur adipiscing elit. Nullam scelerisque, ipsum eu vehiculaultricies, ligula dui, non faucibus ligula justo in massa. Fusce sollicitudin metus eget ligula tristique commodo. Donec a tristique dolor. Curabitur id tellus sit amet metus mollis dictum. Ut dictum cursus placerat. Cras sed interdum orci. Donec laoreet elit ac leo vulputate, nonporttitor erat placerat. Cras ut est vel sem sodales imperdiet sit amet nec est. Quisque at risus ligula.', '2022-11-23 12:49:43', '2022-12-22 12:49:43', '55d08fc7-6ca7-43ea-8836-0f232fabd073', '04a909da-8b60-4e55-8d35-ed14165b7dd9', 'IN_PROGRESS'),
	(43, 'task 43', 'Lorem ipsum dolor sit amet, consectetur adipiscing elit. Nullam scelerisque, ipsum eu vehiculaultricies, ligula dui, non faucibus ligula justo in massa. Fusce sollicitudin metus eget ligula tristique commodo. Donec a tristique dolor. Curabitur id tellus sit amet metus mollis dictum. Ut dictum cursus placerat. Cras sed interdum orci. Donec laoreet elit ac leo vulputate, nonporttitor erat placerat. Cras ut est vel sem sodales imperdiet sit amet nec est. Quisque at risus ligula.', '2022-11-23 12:49:43', '2022-12-15 12:49:43', '4ff2a2d7-09a1-4d26-81e1-55fcf9b0f49b', '55d08fc7-6ca7-43ea-8836-0f232fabd073', 'IN_PROGRESS'),
	(44, 'task 44', 'Lorem ipsum dolor sit amet, consectetur adipiscing elit. Nullam scelerisque, ipsum eu vehiculaultricies, ligula dui, non faucibus ligula justo in massa. Fusce sollicitudin metus eget ligula tristique commodo. Donec a tristique dolor. Curabitur id tellus sit amet metus mollis dictum. Ut dictum cursus placerat. Cras sed interdum orci. Donec laoreet elit ac leo vulputate, nonporttitor erat placerat. Cras ut est vel sem sodales imperdiet sit amet nec est. Quisque at risus ligula.', '2022-11-23 12:49:43', '2022-12-07 12:49:43', '55d08fc7-6ca7-43ea-8836-0f232fabd073', '32a576d0-4281-4d69-ac93-d4abd6eaa14c', 'IN_PROGRESS'),
	(45, 'task 45', 'Lorem ipsum dolor sit amet, consectetur adipiscing elit. Nullam scelerisque, ipsum eu vehiculaultricies, ligula dui, non faucibus ligula justo in massa. Fusce sollicitudin metus eget ligula tristique commodo. Donec a tristique dolor. Curabitur id tellus sit amet metus mollis dictum. Ut dictum cursus placerat. Cras sed interdum orci. Donec laoreet elit ac leo vulputate, nonporttitor erat placerat. Cras ut est vel sem sodales imperdiet sit amet nec est. Quisque at risus ligula.', '2022-11-23 12:49:43', '2022-12-22 12:49:43', '55d08fc7-6ca7-43ea-8836-0f232fabd073', '64acbdd7-4d8f-4530-a390-cfd110ac6644', 'IN_PROGRESS'),
	(46, 'task 46', 'Lorem ipsum dolor sit amet, consectetur adipiscing elit. Nullam scelerisque, ipsum eu vehiculaultricies, ligula dui, non faucibus ligula justo in massa. Fusce sollicitudin metus eget ligula tristique commodo. Donec a tristique dolor. Curabitur id tellus sit amet metus mollis dictum. Ut dictum cursus placerat. Cras sed interdum orci. Donec laoreet elit ac leo vulputate, nonporttitor erat placerat. Cras ut est vel sem sodales imperdiet sit amet nec est. Quisque at risus ligula.', '2022-11-23 12:49:43', '2022-12-20 12:49:43', '04a909da-8b60-4e55-8d35-ed14165b7dd9', '49c1f0b7-b011-43f4-b6fb-d1458d7ab298', 'IN_PROGRESS'),
	(47, 'task 47', 'Lorem ipsum dolor sit amet, consectetur adipiscing elit. Nullam scelerisque, ipsum eu vehiculaultricies, ligula dui, non faucibus ligula justo in massa. Fusce sollicitudin metus eget ligula tristique commodo. Donec a tristique dolor. Curabitur id tellus sit amet metus mollis dictum. Ut dictum cursus placerat. Cras sed interdum orci. Donec laoreet elit ac leo vulputate, nonporttitor erat placerat. Cras ut est vel sem sodales imperdiet sit amet nec est. Quisque at risus ligula.', '2022-11-23 12:49:43', '2022-12-14 12:49:43', '64acbdd7-4d8f-4530-a390-cfd110ac6644', '49c1f0b7-b011-43f4-b6fb-d1458d7ab298', 'IN_PROGRESS'),
	(48, 'task 48', 'Lorem ipsum dolor sit amet, consectetur adipiscing elit. Nullam scelerisque, ipsum eu vehiculaultricies, ligula dui, non faucibus ligula justo in massa. Fusce sollicitudin metus eget ligula tristique commodo. Donec a tristique dolor. Curabitur id tellus sit amet metus mollis dictum. Ut dictum cursus placerat. Cras sed interdum orci. Donec laoreet elit ac leo vulputate, nonporttitor erat placerat. Cras ut est vel sem sodales imperdiet sit amet nec est. Quisque at risus ligula.', '2022-11-23 12:49:43', '2022-12-20 12:49:43', '55d08fc7-6ca7-43ea-8836-0f232fabd073', '61450cb2-6466-4637-8222-9bc32d573df3', 'IN_PROGRESS'),
	(49, 'task 49', 'Lorem ipsum dolor sit amet, consectetur adipiscing elit. Nullam scelerisque, ipsum eu vehiculaultricies, ligula dui, non faucibus ligula justo in massa. Fusce sollicitudin metus eget ligula tristique commodo. Donec a tristique dolor. Curabitur id tellus sit amet metus mollis dictum. Ut dictum cursus placerat. Cras sed interdum orci. Donec laoreet elit ac leo vulputate, nonporttitor erat placerat. Cras ut est vel sem sodales imperdiet sit amet nec est. Quisque at risus ligula.', '2022-11-23 12:49:43', '2022-12-17 12:49:43', '55d08fc7-6ca7-43ea-8836-0f232fabd073', '55d08fc7-6ca7-43ea-8836-0f232fabd073', 'IN_PROGRESS'),
	(50, 'task 50', 'Lorem ipsum dolor sit amet, consectetur adipiscing elit. Nullam scelerisque, ipsum eu vehiculaultricies, ligula dui, non faucibus ligula justo in massa. Fusce sollicitudin metus eget ligula tristique commodo. Donec a tristique dolor. Curabitur id tellus sit amet metus mollis dictum. Ut dictum cursus placerat. Cras sed interdum orci. Donec laoreet elit ac leo vulputate, nonporttitor erat placerat. Cras ut est vel sem sodales imperdiet sit amet nec est. Quisque at risus ligula.', '2022-11-23 12:49:43', '2022-12-21 12:49:43', '61450cb2-6466-4637-8222-9bc32d573df3', 'a9192724-e4e3-4e92-99c0-6c4302739d5f', 'IN_PROGRESS');

ALTER TABLE "auth"."users" ENABLE TRIGGER on_auth_user_created;
ALTER TABLE "public"."Sales" ENABLE TRIGGER after_sale_insert;
RESET ALL;